comment_id,content_id,comment
CM00001,C0001,You explained my situation perfectly.
CM00002,C0001,This hit me hard.
CM00003,C0001,This hit me hard.
CM00004,C0001,This was informative.
CM00005,C0002,I have been through the same thing.
CM00006,C0002,Finally someone talked about this.
CM00007,C0002,You explained my situation perfectly.
CM00008,C0002,This is literally me.
CM00009,C0003,Good information.
CM00010,C0003,Nice explanation.
CM00011,C0003,I have been through the same thing.
CM00012,C0003,Interesting perspective.
CM00013,C0004,Interesting post.
CM00014,C0004,This describes exactly what I have been feeling.
CM00015,C0004,This is literally me.
CM00016,C0005,This was informative.
CM00017,C0005,I can completely relate to this.
CM00018,C0005,Finally someone talked about this.
CM00019,C0006,Good video.
CM00020,C0006,Good information.
CM00021,C0006,Good video.
CM00022,C0006,Interesting perspective.
CM00023,C0007,Very useful advice.
CM00024,C0007,Thanks for the tips.
CM00025,C0007,Thanks for sharing.
CM00026,C0008,This is literally me.
CM00027,C0008,This describes exactly what I have been feeling.
CM00028,C0008,I have been through the same thing.
CM00029,C0008,Finally someone talked about this.
CM00030,C0008,I can completely relate to this.
CM00031,C0009,Good video.
CM00032,C0009,I can completely relate to this.
CM00033,C0009,Thanks for sharing.
CM00034,C0009,Well explained.
CM00035,C0010,Good video.
CM00036,C0010,This was informative.
CM00037,C0010,Good video.
CM00038,C0010,I can completely relate to this.
CM00039,C0011,This was informative.
CM00040,C0011,Thanks for the tips.
CM00041,C0011,Thanks for sharing.
CM00042,C0012,Finally someone talked about this.
CM00043,C0012,This was informative.
CM00044,C0012,I needed to hear this today.
CM00045,C0012,This is literally me.
CM00046,C0013,Interesting perspective.
CM00047,C0013,Finally someone talked about this.
CM00048,C0013,Finally someone talked about this.
CM00049,C0013,Finally someone talked about this.
CM00050,C0013,I have been through the same thing.
CM00051,C0014,I thought I was the only one who felt this way.
CM00052,C0014,This feels so real.
CM00053,C0014,I thought I was the only one who felt this way.
CM00054,C0015,I needed to hear this today.
CM00055,C0015,I thought I was the only one who felt this way.
CM00056,C0015,I thought I was the only one who felt this way.
CM00057,C0015,Good information.
CM00058,C0016,You explained my situation perfectly.
CM00059,C0016,This was informative.
CM00060,C0016,This was informative.
CM00061,C0016,You explained my situation perfectly.
CM00062,C0016,I have been through the same thing.
CM00063,C0017,I thought I was the only one who felt this way.
CM00064,C0017,Good information.
CM00065,C0017,This feels so real.
CM00066,C0018,Interesting post.
CM00067,C0018,You explained my situation perfectly.
CM00068,C0018,I thought I was the only one who felt this way.
CM00069,C0018,Interesting post.
CM00070,C0019,Interesting perspective.
CM00071,C0019,Good information.
CM00072,C0019,I can completely relate to this.
CM00073,C0019,This was informative.
CM00074,C0020,This feels so real.
CM00075,C0020,This describes exactly what I have been feeling.
CM00076,C0020,This hit me hard.
CM00077,C0021,Nice explanation.
CM00078,C0021,This is literally me.
CM00079,C0021,This hit me hard.
CM00080,C0021,Thanks for sharing.
CM00081,C0022,You explained my situation perfectly.
CM00082,C0022,Finally someone talked about this.
CM00083,C0023,This is literally me.
CM00084,C0023,I needed to hear this today.
CM00085,C0023,Thanks for the tips.
CM00086,C0023,Nice explanation.
CM00087,C0023,Thanks for the tips.
CM00088,C0024,Nice explanation.
CM00089,C0024,This hit me hard.
CM00090,C0024,This feels so real.
CM00091,C0024,Good video.
CM00092,C0024,This is literally me.
CM00093,C0025,Nice explanation.
CM00094,C0025,I needed to hear this today.
CM00095,C0025,Thanks for sharing.
CM00096,C0025,Interesting post.
CM00097,C0026,Well explained.
CM00098,C0026,Finally someone talked about this.
CM00099,C0027,This was informative.
CM00100,C0027,This was informative.
CM00101,C0027,Thanks for the tips.
CM00102,C0028,I thought I was the only one who felt this way.
CM00103,C0028,This is literally me.
CM00104,C0028,Well explained.
CM00105,C0029,I have been through the same thing.
CM00106,C0029,I can completely relate to this.
CM00107,C0029,Very useful advice.
CM00108,C0030,I thought I was the only one who felt this way.
CM00109,C0030,This was informative.
CM00110,C0030,I can completely relate to this.
CM00111,C0031,I thought I was the only one who felt this way.
CM00112,C0031,This hit me hard.
CM00113,C0031,This feels so real.
CM00114,C0031,Well explained.
CM00115,C0032,Good information.
CM00116,C0032,Interesting perspective.
CM00117,C0032,This was informative.
CM00118,C0032,I can completely relate to this.
CM00119,C0032,Finally someone talked about this.
CM00120,C0033,Interesting perspective.
CM00121,C0033,Nice explanation.
CM00122,C0034,Nice explanation.
CM00123,C0034,I have been through the same thing.
CM00124,C0034,Thanks for the tips.
CM00125,C0034,I needed to hear this today.
CM00126,C0035,Finally someone talked about this.
CM00127,C0035,This was informative.
CM00128,C0035,This feels so real.
CM00129,C0035,Good information.
CM00130,C0035,Nice explanation.
CM00131,C0036,I needed to hear this today.
CM00132,C0036,I have been through the same thing.
CM00133,C0036,Interesting post.
CM00134,C0036,Very useful advice.
CM00135,C0037,I have been through the same thing.
CM00136,C0037,Good video.
CM00137,C0037,You explained my situation perfectly.
CM00138,C0038,This describes exactly what I have been feeling.
CM00139,C0038,This was informative.
CM00140,C0039,Good video.
CM00141,C0039,Well explained.
CM00142,C0039,Interesting post.
CM00143,C0039,This hit me hard.
CM00144,C0039,This hit me hard.
CM00145,C0040,This describes exactly what I have been feeling.
CM00146,C0040,Very useful advice.
CM00147,C0041,This feels so real.
CM00148,C0041,Nice explanation.
CM00149,C0042,Well explained.
CM00150,C0042,I thought I was the only one who felt this way.
CM00151,C0042,Very useful advice.
CM00152,C0042,Finally someone talked about this.
CM00153,C0043,I have been through the same thing.
CM00154,C0043,Good video.
CM00155,C0043,I needed to hear this today.
CM00156,C0043,Interesting post.
CM00157,C0043,You explained my situation perfectly.
CM00158,C0044,Finally someone talked about this.
CM00159,C0044,Very useful advice.
CM00160,C0045,Very useful advice.
CM00161,C0045,You explained my situation perfectly.
CM00162,C0045,This is literally me.
CM00163,C0046,Thanks for sharing.
CM00164,C0046,Good information.
CM00165,C0046,Finally someone talked about this.
CM00166,C0046,Nice explanation.
CM00167,C0046,Nice explanation.
CM00168,C0047,Good video.
CM00169,C0047,This describes exactly what I have been feeling.
CM00170,C0047,This hit me hard.
CM00171,C0047,This was informative.
CM00172,C0047,Good information.
CM00173,C0048,Interesting perspective.
CM00174,C0048,Nice explanation.
CM00175,C0048,Thanks for the tips.
CM00176,C0048,I needed to hear this today.
CM00177,C0049,Nice explanation.
CM00178,C0049,Nice explanation.
CM00179,C0049,This hit me hard.
CM00180,C0049,Good information.
CM00181,C0050,Thanks for sharing.
CM00182,C0050,Thanks for the tips.
CM00183,C0050,Nice explanation.
CM00184,C0050,This was informative.
CM00185,C0050,This is literally me.
CM00186,C0051,This describes exactly what I have been feeling.
CM00187,C0051,Thanks for the tips.
CM00188,C0051,Good video.
CM00189,C0052,Well explained.
CM00190,C0052,I thought I was the only one who felt this way.
CM00191,C0052,I needed to hear this today.
CM00192,C0052,Well explained.
CM00193,C0053,Good video.
CM00194,C0053,Very useful advice.
CM00195,C0053,I needed to hear this today.
CM00196,C0054,Good video.
CM00197,C0054,Finally someone talked about this.
CM00198,C0054,I thought I was the only one who felt this way.
CM00199,C0054,Finally someone talked about this.
CM00200,C0054,Interesting perspective.
CM00201,C0055,Very useful advice.
CM00202,C0055,This was informative.
CM00203,C0056,I can completely relate to this.
CM00204,C0056,This describes exactly what I have been feeling.
CM00205,C0056,Finally someone talked about this.
CM00206,C0056,Thanks for the tips.
CM00207,C0057,I can completely relate to this.
CM00208,C0057,Thanks for the tips.
CM00209,C0057,I can completely relate to this.
CM00210,C0058,Good information.
CM00211,C0058,This describes exactly what I have been feeling.
CM00212,C0058,Thanks for sharing.
CM00213,C0058,Thanks for sharing.
CM00214,C0059,Interesting post.
CM00215,C0059,You explained my situation perfectly.
CM00216,C0059,This was informative.
CM00217,C0059,Thanks for the tips.
CM00218,C0059,This is literally me.
CM00219,C0060,Good information.
CM00220,C0060,Well explained.
CM00221,C0060,This is literally me.
CM00222,C0061,This feels so real.
CM00223,C0061,I thought I was the only one who felt this way.
CM00224,C0061,Finally someone talked about this.
CM00225,C0062,This is literally me.
CM00226,C0062,I needed to hear this today.
CM00227,C0062,Well explained.
CM00228,C0062,Good video.
CM00229,C0063,Thanks for sharing.
CM00230,C0063,I have been through the same thing.
CM00231,C0063,This describes exactly what I have been feeling.
CM00232,C0063,You explained my situation perfectly.
CM00233,C0063,This describes exactly what I have been feeling.
CM00234,C0064,This is literally me.
CM00235,C0064,Thanks for sharing.
CM00236,C0064,This is literally me.
CM00237,C0065,Nice explanation.
CM00238,C0065,Interesting perspective.
CM00239,C0065,This is literally me.
CM00240,C0065,Good information.
CM00241,C0065,I thought I was the only one who felt this way.
CM00242,C0066,I thought I was the only one who felt this way.
CM00243,C0066,Thanks for the tips.
CM00244,C0066,Very useful advice.
CM00245,C0066,Good information.
CM00246,C0066,I thought I was the only one who felt this way.
CM00247,C0067,Thanks for sharing.
CM00248,C0067,I thought I was the only one who felt this way.
CM00249,C0067,Finally someone talked about this.
CM00250,C0067,I thought I was the only one who felt this way.
CM00251,C0068,Interesting perspective.
CM00252,C0068,I needed to hear this today.
CM00253,C0069,You explained my situation perfectly.
CM00254,C0069,This is literally me.
CM00255,C0069,Very useful advice.
CM00256,C0070,This is literally me.
CM00257,C0070,I thought I was the only one who felt this way.
CM00258,C0070,Interesting perspective.
CM00259,C0070,Thanks for sharing.
CM00260,C0070,Well explained.
CM00261,C0071,Interesting post.
CM00262,C0071,Very useful advice.
CM00263,C0072,Nice explanation.
CM00264,C0072,This is literally me.
CM00265,C0072,I can completely relate to this.
CM00266,C0072,Nice explanation.
CM00267,C0072,This feels so real.
CM00268,C0073,Interesting post.
CM00269,C0073,Good information.
CM00270,C0073,I can completely relate to this.
CM00271,C0073,Thanks for sharing.
CM00272,C0073,I have been through the same thing.
CM00273,C0074,Interesting post.
CM00274,C0074,This feels so real.
CM00275,C0074,You explained my situation perfectly.
CM00276,C0074,I have been through the same thing.
CM00277,C0075,Thanks for the tips.
CM00278,C0075,Thanks for sharing.
CM00279,C0075,This is literally me.
CM00280,C0075,Thanks for sharing.
CM00281,C0076,Finally someone talked about this.
CM00282,C0076,Finally someone talked about this.
CM00283,C0077,You explained my situation perfectly.
CM00284,C0077,Interesting perspective.
CM00285,C0077,I can completely relate to this.
CM00286,C0077,Thanks for the tips.
CM00287,C0077,You explained my situation perfectly.
CM00288,C0078,I needed to hear this today.
CM00289,C0078,Good information.
CM00290,C0078,Well explained.
CM00291,C0078,Interesting perspective.
CM00292,C0078,Very useful advice.
CM00293,C0079,Interesting perspective.
CM00294,C0079,This describes exactly what I have been feeling.
CM00295,C0079,This was informative.
CM00296,C0079,This hit me hard.
CM00297,C0080,I can completely relate to this.
CM00298,C0080,Thanks for the tips.
CM00299,C0081,Interesting post.
CM00300,C0081,Good video.
CM00301,C0081,I needed to hear this today.
CM00302,C0081,This describes exactly what I have been feeling.
CM00303,C0081,This was informative.
CM00304,C0082,Interesting post.
CM00305,C0082,Finally someone talked about this.
CM00306,C0082,I have been through the same thing.
CM00307,C0082,I thought I was the only one who felt this way.
CM00308,C0082,Good information.
CM00309,C0083,This is literally me.
CM00310,C0083,Good information.
CM00311,C0084,Interesting perspective.
CM00312,C0084,Well explained.
CM00313,C0085,Thanks for the tips.
CM00314,C0085,Good video.
CM00315,C0085,Very useful advice.
CM00316,C0086,Finally someone talked about this.
CM00317,C0086,Good video.
CM00318,C0086,Interesting post.
CM00319,C0086,This describes exactly what I have been feeling.
CM00320,C0086,This feels so real.
CM00321,C0087,Good video.
CM00322,C0087,Good information.
CM00323,C0087,Thanks for the tips.
CM00324,C0087,You explained my situation perfectly.
CM00325,C0088,This describes exactly what I have been feeling.
CM00326,C0088,You explained my situation perfectly.
CM00327,C0089,This describes exactly what I have been feeling.
CM00328,C0089,Interesting post.
CM00329,C0089,Good information.
CM00330,C0090,Thanks for the tips.
CM00331,C0090,Finally someone talked about this.
CM00332,C0091,Good information.
CM00333,C0091,Good information.
CM00334,C0091,This was informative.
CM00335,C0092,Thanks for sharing.
CM00336,C0092,Thanks for sharing.
CM00337,C0092,Thanks for sharing.
CM00338,C0092,Finally someone talked about this.
CM00339,C0092,Good video.
CM00340,C0093,Finally someone talked about this.
CM00341,C0093,Very useful advice.
CM00342,C0093,This feels so real.
CM00343,C0093,Thanks for the tips.
CM00344,C0093,Thanks for sharing.
CM00345,C0094,Well explained.
CM00346,C0094,This hit me hard.
CM00347,C0094,Well explained.
CM00348,C0094,Very useful advice.
CM00349,C0094,I needed to hear this today.
CM00350,C0095,Thanks for sharing.
CM00351,C0095,Thanks for sharing.
CM00352,C0095,Good video.
CM00353,C0095,Good video.
CM00354,C0096,This was informative.
CM00355,C0096,Well explained.
CM00356,C0096,You explained my situation perfectly.
CM00357,C0096,Well explained.
CM00358,C0096,You explained my situation perfectly.
CM00359,C0097,This is literally me.
CM00360,C0097,I can completely relate to this.
CM00361,C0097,Nice explanation.
CM00362,C0098,Nice explanation.
CM00363,C0098,This hit me hard.
CM00364,C0098,I have been through the same thing.
CM00365,C0099,Well explained.
CM00366,C0099,Well explained.
CM00367,C0100,I needed to hear this today.
CM00368,C0100,Good information.
CM00369,C0100,This was informative.
CM00370,C0100,This feels so real.
CM00371,C0100,Good information.
CM00372,C0101,Very useful advice.
CM00373,C0101,Thanks for the tips.
CM00374,C0102,Good video.
CM00375,C0102,Well explained.
CM00376,C0102,Very useful advice.
CM00377,C0103,I can completely relate to this.
CM00378,C0103,Interesting post.
CM00379,C0103,I can completely relate to this.
CM00380,C0104,You explained my situation perfectly.
CM00381,C0104,I needed to hear this today.
CM00382,C0105,I needed to hear this today.
CM00383,C0105,I have been through the same thing.
CM00384,C0105,Thanks for sharing.
CM00385,C0106,This feels so real.
CM00386,C0106,Interesting perspective.
CM00387,C0107,Interesting perspective.
CM00388,C0107,Interesting post.
CM00389,C0107,Good video.
CM00390,C0107,Thanks for sharing.
CM00391,C0108,Thanks for sharing.
CM00392,C0108,This hit me hard.
CM00393,C0109,This describes exactly what I have been feeling.
CM00394,C0109,Good video.
CM00395,C0109,I needed to hear this today.
CM00396,C0109,Finally someone talked about this.
CM00397,C0109,Well explained.
CM00398,C0110,This feels so real.
CM00399,C0110,Interesting perspective.
CM00400,C0111,Good video.
CM00401,C0111,I thought I was the only one who felt this way.
CM00402,C0111,This hit me hard.
CM00403,C0112,This hit me hard.
CM00404,C0112,Good video.
CM00405,C0112,Well explained.
CM00406,C0112,This is literally me.
CM00407,C0113,Very useful advice.
CM00408,C0113,I thought I was the only one who felt this way.
CM00409,C0113,Thanks for sharing.
CM00410,C0113,Well explained.
CM00411,C0114,Very useful advice.
CM00412,C0114,Very useful advice.
CM00413,C0115,Very useful advice.
CM00414,C0115,You explained my situation perfectly.
CM00415,C0115,Interesting post.
CM00416,C0115,Thanks for sharing.
CM00417,C0115,This feels so real.
CM00418,C0116,This is literally me.
CM00419,C0116,I needed to hear this today.
CM00420,C0117,Very useful advice.
CM00421,C0117,This was informative.
CM00422,C0118,You explained my situation perfectly.
CM00423,C0118,This is literally me.
CM00424,C0118,I thought I was the only one who felt this way.
CM00425,C0118,Interesting perspective.
CM00426,C0118,Finally someone talked about this.
CM00427,C0119,Interesting post.
CM00428,C0119,This hit me hard.
CM00429,C0120,I needed to hear this today.
CM00430,C0120,Nice explanation.
CM00431,C0121,This is literally me.
CM00432,C0121,This hit me hard.
CM00433,C0121,You explained my situation perfectly.
CM00434,C0121,Well explained.
CM00435,C0121,I can completely relate to this.
CM00436,C0122,Good video.
CM00437,C0122,Good information.
CM00438,C0122,Well explained.
CM00439,C0122,This is literally me.
CM00440,C0123,This was informative.
CM00441,C0123,Interesting post.
CM00442,C0124,This feels so real.
CM00443,C0124,This hit me hard.
CM00444,C0124,I can completely relate to this.
CM00445,C0124,I needed to hear this today.
CM00446,C0125,Finally someone talked about this.
CM00447,C0125,Well explained.
CM00448,C0125,This hit me hard.
CM00449,C0126,I thought I was the only one who felt this way.
CM00450,C0126,This describes exactly what I have been feeling.
CM00451,C0127,Good video.
CM00452,C0127,This describes exactly what I have been feeling.
CM00453,C0127,Finally someone talked about this.
CM00454,C0127,This describes exactly what I have been feeling.
CM00455,C0127,I have been through the same thing.
CM00456,C0128,Nice explanation.
CM00457,C0128,Thanks for sharing.
CM00458,C0128,Good video.
CM00459,C0128,This was informative.
CM00460,C0129,This describes exactly what I have been feeling.
CM00461,C0129,This was informative.
CM00462,C0129,This feels so real.
CM00463,C0130,Good video.
CM00464,C0130,Thanks for the tips.
CM00465,C0130,Nice explanation.
CM00466,C0131,Thanks for sharing.
CM00467,C0131,Interesting post.
CM00468,C0131,Thanks for sharing.
CM00469,C0131,Very useful advice.
CM00470,C0131,I thought I was the only one who felt this way.
CM00471,C0132,Well explained.
CM00472,C0132,Interesting perspective.
CM00473,C0133,Very useful advice.
CM00474,C0133,Well explained.
CM00475,C0133,This hit me hard.
CM00476,C0133,I can completely relate to this.
CM00477,C0133,This describes exactly what I have been feeling.
CM00478,C0134,This hit me hard.
CM00479,C0134,This was informative.
CM00480,C0134,This is literally me.
CM00481,C0134,Interesting perspective.
CM00482,C0135,Thanks for sharing.
CM00483,C0135,Thanks for sharing.
CM00484,C0135,Interesting perspective.
CM00485,C0136,Thanks for the tips.
CM00486,C0136,Good information.
CM00487,C0136,I have been through the same thing.
CM00488,C0137,This feels so real.
CM00489,C0137,This describes exactly what I have been feeling.
CM00490,C0137,Good video.
CM00491,C0138,I have been through the same thing.
CM00492,C0138,Good information.
CM00493,C0138,Good video.
CM00494,C0138,This hit me hard.
CM00495,C0138,Nice explanation.
CM00496,C0139,Interesting perspective.
CM00497,C0139,You explained my situation perfectly.
CM00498,C0139,I thought I was the only one who felt this way.
CM00499,C0139,This was informative.
CM00500,C0140,This feels so real.
CM00501,C0140,Good video.
CM00502,C0140,I have been through the same thing.
CM00503,C0141,Thanks for sharing.
CM00504,C0141,Very useful advice.
CM00505,C0142,Nice explanation.
CM00506,C0142,I can completely relate to this.
CM00507,C0143,I thought I was the only one who felt this way.
CM00508,C0143,This was informative.
CM00509,C0143,Interesting post.
CM00510,C0144,Thanks for the tips.
CM00511,C0144,I can completely relate to this.
CM00512,C0144,This was informative.
CM00513,C0144,This is literally me.
CM00514,C0144,Finally someone talked about this.
CM00515,C0145,This hit me hard.
CM00516,C0145,Finally someone talked about this.
CM00517,C0145,I can completely relate to this.
CM00518,C0146,Well explained.
CM00519,C0146,Interesting perspective.
CM00520,C0146,Good information.
CM00521,C0146,Nice explanation.
CM00522,C0147,Finally someone talked about this.
CM00523,C0147,Thanks for the tips.
CM00524,C0148,You explained my situation perfectly.
CM00525,C0148,Interesting perspective.
CM00526,C0148,Thanks for sharing.
CM00527,C0149,This feels so real.
CM00528,C0149,Interesting perspective.
CM00529,C0149,Very useful advice.
CM00530,C0149,I can completely relate to this.
CM00531,C0150,This hit me hard.
CM00532,C0150,Well explained.
CM00533,C0151,Interesting perspective.
CM00534,C0151,I have been through the same thing.
CM00535,C0151,Interesting perspective.
CM00536,C0151,This hit me hard.
CM00537,C0151,Interesting post.
CM00538,C0152,Thanks for sharing.
CM00539,C0152,Well explained.
CM00540,C0153,This was informative.
CM00541,C0153,Good video.
CM00542,C0154,This was informative.
CM00543,C0154,I have been through the same thing.
CM00544,C0155,Finally someone talked about this.
CM00545,C0155,I can completely relate to this.
CM00546,C0155,This describes exactly what I have been feeling.
CM00547,C0155,Interesting post.
CM00548,C0155,This hit me hard.
CM00549,C0156,This is literally me.
CM00550,C0156,Good information.
CM00551,C0156,Interesting post.
CM00552,C0156,This was informative.
CM00553,C0156,Good video.
CM00554,C0157,I can completely relate to this.
CM00555,C0157,Finally someone talked about this.
CM00556,C0157,This hit me hard.
CM00557,C0157,This feels so real.
CM00558,C0157,This was informative.
CM00559,C0158,Well explained.
CM00560,C0158,Good video.
CM00561,C0158,Thanks for the tips.
CM00562,C0159,Interesting perspective.
CM00563,C0159,You explained my situation perfectly.
CM00564,C0159,Interesting post.
CM00565,C0159,Thanks for the tips.
CM00566,C0160,This hit me hard.
CM00567,C0160,This feels so real.
CM00568,C0160,Interesting perspective.
CM00569,C0161,This is literally me.
CM00570,C0161,Thanks for sharing.
CM00571,C0162,This was informative.
CM00572,C0162,I needed to hear this today.
CM00573,C0162,I thought I was the only one who felt this way.
CM00574,C0162,This was informative.
CM00575,C0162,This was informative.
CM00576,C0163,Interesting perspective.
CM00577,C0163,I can completely relate to this.
CM00578,C0163,Thanks for the tips.
CM00579,C0163,This hit me hard.
CM00580,C0164,Finally someone talked about this.
CM00581,C0164,Very useful advice.
CM00582,C0164,Good information.
CM00583,C0164,This is literally me.
CM00584,C0165,I needed to hear this today.
CM00585,C0165,Good video.
CM00586,C0165,This was informative.
CM00587,C0166,Interesting post.
CM00588,C0166,Well explained.
CM00589,C0166,This hit me hard.
CM00590,C0167,I needed to hear this today.
CM00591,C0167,This describes exactly what I have been feeling.
CM00592,C0167,You explained my situation perfectly.
CM00593,C0167,Nice explanation.
CM00594,C0168,I thought I was the only one who felt this way.
CM00595,C0168,Well explained.
CM00596,C0168,I thought I was the only one who felt this way.
CM00597,C0169,Interesting perspective.
CM00598,C0169,I have been through the same thing.
CM00599,C0169,Interesting perspective.
CM00600,C0169,This describes exactly what I have been feeling.
CM00601,C0170,Thanks for the tips.
CM00602,C0170,Interesting perspective.
CM00603,C0170,Thanks for the tips.
CM00604,C0170,I thought I was the only one who felt this way.
CM00605,C0171,Very useful advice.
CM00606,C0171,Very useful advice.
CM00607,C0171,This was informative.
CM00608,C0171,Well explained.
CM00609,C0171,Nice explanation.
CM00610,C0172,You explained my situation perfectly.
CM00611,C0172,Good video.
CM00612,C0172,I can completely relate to this.
CM00613,C0173,This describes exactly what I have been feeling.
CM00614,C0173,Nice explanation.
CM00615,C0173,This describes exactly what I have been feeling.
CM00616,C0173,Very useful advice.
CM00617,C0173,This describes exactly what I have been feeling.
CM00618,C0174,This describes exactly what I have been feeling.
CM00619,C0174,Interesting perspective.
CM00620,C0174,I thought I was the only one who felt this way.
CM00621,C0174,I thought I was the only one who felt this way.
CM00622,C0175,Well explained.
CM00623,C0175,Thanks for the tips.
CM00624,C0175,This feels so real.
CM00625,C0175,Finally someone talked about this.
CM00626,C0175,Thanks for the tips.
CM00627,C0176,Well explained.
CM00628,C0176,This describes exactly what I have been feeling.
CM00629,C0176,Thanks for sharing.
CM00630,C0177,This was informative.
CM00631,C0177,Well explained.
CM00632,C0178,This was informative.
CM00633,C0178,Thanks for sharing.
CM00634,C0179,Well explained.
CM00635,C0179,Good information.
CM00636,C0179,This describes exactly what I have been feeling.
CM00637,C0179,I thought I was the only one who felt this way.
CM00638,C0179,Finally someone talked about this.
CM00639,C0180,I needed to hear this today.
CM00640,C0180,I have been through the same thing.
CM00641,C0180,Good video.
CM00642,C0180,I have been through the same thing.
CM00643,C0181,This feels so real.
CM00644,C0181,You explained my situation perfectly.
CM00645,C0181,I can completely relate to this.
CM00646,C0181,Interesting perspective.
CM00647,C0181,Interesting post.
CM00648,C0182,Well explained.
CM00649,C0182,You explained my situation perfectly.
CM00650,C0182,I can completely relate to this.
CM00651,C0182,Good information.
CM00652,C0183,I can completely relate to this.
CM00653,C0183,Well explained.
CM00654,C0183,Good video.
CM00655,C0184,This hit me hard.
CM00656,C0184,Good information.
CM00657,C0184,I can completely relate to this.
CM00658,C0184,I needed to hear this today.
CM00659,C0184,Interesting post.
CM00660,C0185,Nice explanation.
CM00661,C0185,This hit me hard.
CM00662,C0185,Nice explanation.
CM00663,C0185,You explained my situation perfectly.
CM00664,C0185,Finally someone talked about this.
CM00665,C0186,Well explained.
CM00666,C0186,I needed to hear this today.
CM00667,C0186,This hit me hard.
CM00668,C0187,Thanks for the tips.
CM00669,C0187,This was informative.
CM00670,C0187,Thanks for the tips.
CM00671,C0187,Thanks for sharing.
CM00672,C0187,Good video.
CM00673,C0188,Interesting perspective.
CM00674,C0188,I thought I was the only one who felt this way.
CM00675,C0188,This feels so real.
CM00676,C0188,This feels so real.
CM00677,C0188,Nice explanation.
CM00678,C0189,I have been through the same thing.
CM00679,C0189,Good video.
CM00680,C0189,Well explained.
CM00681,C0189,This was informative.
CM00682,C0189,This is literally me.
CM00683,C0190,Nice explanation.
CM00684,C0190,Interesting post.
CM00685,C0190,You explained my situation perfectly.
CM00686,C0191,I have been through the same thing.
CM00687,C0191,Good information.
CM00688,C0192,Interesting post.
CM00689,C0192,Finally someone talked about this.
CM00690,C0192,You explained my situation perfectly.
CM00691,C0192,This describes exactly what I have been feeling.
CM00692,C0192,Thanks for the tips.
CM00693,C0193,I can completely relate to this.
CM00694,C0193,This feels so real.
CM00695,C0193,Good video.
CM00696,C0194,This hit me hard.
CM00697,C0194,Well explained.
CM00698,C0194,This hit me hard.
CM00699,C0194,Finally someone talked about this.
CM00700,C0194,Finally someone talked about this.
CM00701,C0195,Well explained.
CM00702,C0195,This feels so real.
CM00703,C0195,Very useful advice.
CM00704,C0195,Thanks for the tips.
CM00705,C0195,You explained my situation perfectly.
CM00706,C0196,This is literally me.
CM00707,C0196,I can completely relate to this.
CM00708,C0196,I have been through the same thing.
CM00709,C0196,Thanks for the tips.
CM00710,C0197,You explained my situation perfectly.
CM00711,C0197,Interesting perspective.
CM00712,C0197,This is literally me.
CM00713,C0197,Very useful advice.
CM00714,C0197,This hit me hard.
CM00715,C0198,I can completely relate to this.
CM00716,C0198,This was informative.
CM00717,C0198,Very useful advice.
CM00718,C0198,You explained my situation perfectly.
CM00719,C0198,Well explained.
CM00720,C0199,This hit me hard.
CM00721,C0199,This was informative.
CM00722,C0199,I thought I was the only one who felt this way.
CM00723,C0199,I needed to hear this today.
CM00724,C0200,Interesting perspective.
CM00725,C0200,Finally someone talked about this.
CM00726,C0201,This is literally me.
CM00727,C0201,This hit me hard.
CM00728,C0201,I thought I was the only one who felt this way.
CM00729,C0201,I can completely relate to this.
CM00730,C0201,Good information.
CM00731,C0202,This is literally me.
CM00732,C0202,Good video.
CM00733,C0202,I have been through the same thing.
CM00734,C0203,Good information.
CM00735,C0203,I can completely relate to this.
CM00736,C0203,You explained my situation perfectly.
CM00737,C0203,I have been through the same thing.
CM00738,C0204,I needed to hear this today.
CM00739,C0204,Good information.
CM00740,C0204,This describes exactly what I have been feeling.
CM00741,C0205,Thanks for the tips.
CM00742,C0205,This is literally me.
CM00743,C0205,I thought I was the only one who felt this way.
CM00744,C0205,Very useful advice.
CM00745,C0205,Nice explanation.
CM00746,C0206,This is literally me.
CM00747,C0206,Well explained.
CM00748,C0206,Nice explanation.
CM00749,C0206,I needed to hear this today.
CM00750,C0207,This is literally me.
CM00751,C0207,Very useful advice.
CM00752,C0207,Very useful advice.
CM00753,C0208,I can completely relate to this.
CM00754,C0208,Interesting perspective.
CM00755,C0208,This describes exactly what I have been feeling.
CM00756,C0208,This is literally me.
CM00757,C0208,Thanks for the tips.
CM00758,C0209,I thought I was the only one who felt this way.
CM00759,C0209,I have been through the same thing.
CM00760,C0209,Finally someone talked about this.
CM00761,C0210,Good information.
CM00762,C0210,I can completely relate to this.
CM00763,C0210,Interesting post.
CM00764,C0210,This describes exactly what I have been feeling.
CM00765,C0211,Good video.
CM00766,C0211,Thanks for the tips.
CM00767,C0211,Good information.
CM00768,C0211,Good video.
CM00769,C0212,This is literally me.
CM00770,C0212,Thanks for the tips.
CM00771,C0212,Well explained.
CM00772,C0213,I can completely relate to this.
CM00773,C0213,Good video.
CM00774,C0213,Nice explanation.
CM00775,C0213,Interesting perspective.
CM00776,C0213,Well explained.
CM00777,C0214,I can completely relate to this.
CM00778,C0214,I needed to hear this today.
CM00779,C0214,I have been through the same thing.
CM00780,C0215,Well explained.
CM00781,C0215,I can completely relate to this.
CM00782,C0216,Good video.
CM00783,C0216,Very useful advice.
CM00784,C0217,Well explained.
CM00785,C0217,Very useful advice.
CM00786,C0217,Thanks for the tips.
CM00787,C0217,Thanks for sharing.
CM00788,C0218,This feels so real.
CM00789,C0218,This hit me hard.
CM00790,C0218,Good information.
CM00791,C0218,Thanks for sharing.
CM00792,C0219,Very useful advice.
CM00793,C0219,This describes exactly what I have been feeling.
CM00794,C0219,Finally someone talked about this.
CM00795,C0220,Well explained.
CM00796,C0220,Interesting perspective.
CM00797,C0220,This feels so real.
CM00798,C0220,I thought I was the only one who felt this way.
CM00799,C0220,This describes exactly what I have been feeling.
CM00800,C0221,Interesting post.
CM00801,C0221,Good information.
CM00802,C0221,You explained my situation perfectly.
CM00803,C0221,Good information.
CM00804,C0221,Nice explanation.
CM00805,C0222,Nice explanation.
CM00806,C0222,This describes exactly what I have been feeling.
CM00807,C0223,This describes exactly what I have been feeling.
CM00808,C0223,Very useful advice.
CM00809,C0224,Very useful advice.
CM00810,C0224,Thanks for sharing.
CM00811,C0224,Well explained.
CM00812,C0225,Interesting perspective.
CM00813,C0225,I have been through the same thing.
CM00814,C0225,This was informative.
CM00815,C0225,Thanks for sharing.
CM00816,C0225,Well explained.
CM00817,C0226,I can completely relate to this.
CM00818,C0226,Interesting perspective.
CM00819,C0226,This feels so real.
CM00820,C0226,Well explained.
CM00821,C0226,Good video.
CM00822,C0227,You explained my situation perfectly.
CM00823,C0227,Good video.
CM00824,C0227,Interesting perspective.
CM00825,C0227,This was informative.
CM00826,C0228,I have been through the same thing.
CM00827,C0228,You explained my situation perfectly.
CM00828,C0228,This is literally me.
CM00829,C0228,Interesting perspective.
CM00830,C0229,Nice explanation.
CM00831,C0229,This describes exactly what I have been feeling.
CM00832,C0230,Good information.
CM00833,C0230,Nice explanation.
CM00834,C0230,Well explained.
CM00835,C0231,I have been through the same thing.
CM00836,C0231,I can completely relate to this.
CM00837,C0231,Finally someone talked about this.
CM00838,C0232,I needed to hear this today.
CM00839,C0232,You explained my situation perfectly.
CM00840,C0232,Very useful advice.
CM00841,C0233,Thanks for the tips.
CM00842,C0233,Finally someone talked about this.
CM00843,C0234,Nice explanation.
CM00844,C0234,Finally someone talked about this.
CM00845,C0235,This is literally me.
CM00846,C0235,Good video.
CM00847,C0235,You explained my situation perfectly.
CM00848,C0235,I thought I was the only one who felt this way.
CM00849,C0235,Very useful advice.
CM00850,C0236,This was informative.
CM00851,C0236,This hit me hard.
CM00852,C0237,Finally someone talked about this.
CM00853,C0237,This hit me hard.
CM00854,C0238,You explained my situation perfectly.
CM00855,C0238,Interesting perspective.
CM00856,C0238,Interesting post.
CM00857,C0239,You explained my situation perfectly.
CM00858,C0239,This feels so real.
CM00859,C0239,Finally someone talked about this.
CM00860,C0240,Nice explanation.
CM00861,C0240,This hit me hard.
CM00862,C0241,Thanks for sharing.
CM00863,C0241,Thanks for the tips.
CM00864,C0241,Thanks for the tips.
CM00865,C0241,Finally someone talked about this.
CM00866,C0241,Finally someone talked about this.
CM00867,C0242,I needed to hear this today.
CM00868,C0242,Good video.
CM00869,C0242,Interesting perspective.
CM00870,C0243,You explained my situation perfectly.
CM00871,C0243,Good video.
CM00872,C0244,Finally someone talked about this.
CM00873,C0244,Nice explanation.
CM00874,C0244,This feels so real.
CM00875,C0245,Thanks for the tips.
CM00876,C0245,This describes exactly what I have been feeling.
CM00877,C0245,This feels so real.
CM00878,C0245,I thought I was the only one who felt this way.
CM00879,C0245,This is literally me.
CM00880,C0246,Thanks for sharing.
CM00881,C0246,Nice explanation.
CM00882,C0246,I thought I was the only one who felt this way.
CM00883,C0247,This is literally me.
CM00884,C0247,This hit me hard.
CM00885,C0247,This hit me hard.
CM00886,C0247,I needed to hear this today.
CM00887,C0248,Thanks for sharing.
CM00888,C0248,Good information.
CM00889,C0248,This hit me hard.
CM00890,C0248,I can completely relate to this.
CM00891,C0248,This describes exactly what I have been feeling.
CM00892,C0249,This is literally me.
CM00893,C0249,I needed to hear this today.
CM00894,C0249,Good video.
CM00895,C0249,Good information.
CM00896,C0250,This was informative.
CM00897,C0250,You explained my situation perfectly.
CM00898,C0250,Interesting post.
CM00899,C0250,Thanks for the tips.
CM00900,C0251,This hit me hard.
CM00901,C0251,Well explained.
CM00902,C0252,This hit me hard.
CM00903,C0252,I have been through the same thing.
CM00904,C0253,Good information.
CM00905,C0253,This feels so real.
CM00906,C0253,I needed to hear this today.
CM00907,C0253,This hit me hard.
CM00908,C0253,This is literally me.
CM00909,C0254,Good information.
CM00910,C0254,Nice explanation.
CM00911,C0254,This feels so real.
CM00912,C0254,Thanks for sharing.
CM00913,C0255,Well explained.
CM00914,C0255,Interesting perspective.
CM00915,C0256,Finally someone talked about this.
CM00916,C0256,I needed to hear this today.
CM00917,C0256,Good video.
CM00918,C0257,Very useful advice.
CM00919,C0257,Interesting perspective.
CM00920,C0257,Very useful advice.
CM00921,C0257,Nice explanation.
CM00922,C0257,Well explained.
CM00923,C0258,I can completely relate to this.
CM00924,C0258,Interesting perspective.
CM00925,C0258,Good video.
CM00926,C0259,Interesting post.
CM00927,C0259,I can completely relate to this.
CM00928,C0260,This was informative.
CM00929,C0260,Nice explanation.
CM00930,C0261,Nice explanation.
CM00931,C0261,This describes exactly what I have been feeling.
CM00932,C0261,I can completely relate to this.
CM00933,C0261,Finally someone talked about this.
CM00934,C0261,Interesting perspective.
CM00935,C0262,Very useful advice.
CM00936,C0262,Good video.
CM00937,C0262,I have been through the same thing.
CM00938,C0263,Interesting perspective.
CM00939,C0263,Good video.
CM00940,C0263,You explained my situation perfectly.
CM00941,C0264,Thanks for sharing.
CM00942,C0264,This is literally me.
CM00943,C0264,This is literally me.
CM00944,C0264,This was informative.
CM00945,C0264,This describes exactly what I have been feeling.
CM00946,C0265,I have been through the same thing.
CM00947,C0265,Thanks for the tips.
CM00948,C0265,Thanks for the tips.
CM00949,C0266,This is literally me.
CM00950,C0266,This was informative.
CM00951,C0266,This was informative.
CM00952,C0267,Thanks for the tips.
CM00953,C0267,Good information.
CM00954,C0268,This was informative.
CM00955,C0268,Good information.
CM00956,C0268,Well explained.
CM00957,C0269,I have been through the same thing.
CM00958,C0269,I needed to hear this today.
CM00959,C0270,You explained my situation perfectly.
CM00960,C0270,This is literally me.
CM00961,C0270,Thanks for sharing.
CM00962,C0270,I have been through the same thing.
CM00963,C0271,Interesting post.
CM00964,C0271,Finally someone talked about this.
CM00965,C0272,This feels so real.
CM00966,C0272,I can completely relate to this.
CM00967,C0272,This describes exactly what I have been feeling.
CM00968,C0273,This feels so real.
CM00969,C0273,Thanks for sharing.
CM00970,C0273,Interesting post.
CM00971,C0273,I have been through the same thing.
CM00972,C0273,Interesting post.
CM00973,C0274,Well explained.
CM00974,C0274,Thanks for sharing.
CM00975,C0274,You explained my situation perfectly.
CM00976,C0274,I can completely relate to this.
CM00977,C0274,Interesting perspective.
CM00978,C0275,I can completely relate to this.
CM00979,C0275,This is literally me.
CM00980,C0275,I needed to hear this today.
CM00981,C0276,I can completely relate to this.
CM00982,C0276,I can completely relate to this.
CM00983,C0276,Good information.
CM00984,C0276,Nice explanation.
CM00985,C0276,I have been through the same thing.
CM00986,C0277,Good information.
CM00987,C0277,Thanks for the tips.
CM00988,C0277,Finally someone talked about this.
CM00989,C0277,Thanks for the tips.
CM00990,C0277,I thought I was the only one who felt this way.
CM00991,C0278,This hit me hard.
CM00992,C0278,This hit me hard.
CM00993,C0279,I can completely relate to this.
CM00994,C0279,This feels so real.
CM00995,C0279,This is literally me.
CM00996,C0280,I thought I was the only one who felt this way.
CM00997,C0280,You explained my situation perfectly.
CM00998,C0280,Thanks for sharing.
CM00999,C0280,Interesting perspective.
CM01000,C0281,Interesting perspective.
CM01001,C0281,This is literally me.
CM01002,C0281,I needed to hear this today.
CM01003,C0282,You explained my situation perfectly.
CM01004,C0282,This was informative.
CM01005,C0282,Interesting post.
CM01006,C0282,I can completely relate to this.
CM01007,C0283,Nice explanation.
CM01008,C0283,You explained my situation perfectly.
CM01009,C0284,Interesting perspective.
CM01010,C0284,Finally someone talked about this.
CM01011,C0284,Well explained.
CM01012,C0285,Finally someone talked about this.
CM01013,C0285,Nice explanation.
CM01014,C0286,Good video.
CM01015,C0286,Finally someone talked about this.
CM01016,C0286,Good video.
CM01017,C0286,Interesting perspective.
CM01018,C0286,Well explained.
CM01019,C0287,Thanks for sharing.
CM01020,C0287,Very useful advice.
CM01021,C0287,Very useful advice.
CM01022,C0287,This is literally me.
CM01023,C0287,Interesting post.
CM01024,C0288,This was informative.
CM01025,C0288,This feels so real.
CM01026,C0288,This describes exactly what I have been feeling.
CM01027,C0289,Nice explanation.
CM01028,C0289,I thought I was the only one who felt this way.
CM01029,C0290,This hit me hard.
CM01030,C0290,This is literally me.
CM01031,C0290,This feels so real.
CM01032,C0290,Finally someone talked about this.
CM01033,C0291,Very useful advice.
CM01034,C0291,This feels so real.
CM01035,C0292,Good information.
CM01036,C0292,Thanks for the tips.
CM01037,C0292,I have been through the same thing.
CM01038,C0292,Well explained.
CM01039,C0292,Thanks for the tips.
CM01040,C0293,Good information.
CM01041,C0293,Nice explanation.
CM01042,C0293,Good video.
CM01043,C0293,Good information.
CM01044,C0293,This feels so real.
CM01045,C0294,I can completely relate to this.
CM01046,C0294,This is literally me.
CM01047,C0294,You explained my situation perfectly.
CM01048,C0294,Thanks for sharing.
CM01049,C0295,I thought I was the only one who felt this way.
CM01050,C0295,Nice explanation.
CM01051,C0295,Good video.
CM01052,C0295,Nice explanation.
CM01053,C0295,I have been through the same thing.
CM01054,C0296,I needed to hear this today.
CM01055,C0296,I needed to hear this today.
CM01056,C0296,This feels so real.
CM01057,C0297,Interesting post.
CM01058,C0297,This is literally me.
CM01059,C0298,Thanks for sharing.
CM01060,C0298,I have been through the same thing.
CM01061,C0298,Well explained.
CM01062,C0298,This feels so real.
CM01063,C0298,I thought I was the only one who felt this way.
CM01064,C0299,This is literally me.
CM01065,C0299,This hit me hard.
CM01066,C0299,I needed to hear this today.
CM01067,C0300,Interesting perspective.
CM01068,C0300,Good video.
CM01069,C0301,Interesting post.
CM01070,C0301,Nice explanation.
CM01071,C0301,I needed to hear this today.
CM01072,C0301,Very useful advice.
CM01073,C0301,This describes exactly what I have been feeling.
CM01074,C0302,This feels so real.
CM01075,C0302,Interesting post.
CM01076,C0302,I can completely relate to this.
CM01077,C0302,This is literally me.
CM01078,C0303,This feels so real.
CM01079,C0303,Nice explanation.
CM01080,C0304,Nice explanation.
CM01081,C0304,Thanks for sharing.
CM01082,C0304,Finally someone talked about this.
CM01083,C0305,Good information.
CM01084,C0305,I have been through the same thing.
CM01085,C0305,Good information.
CM01086,C0305,This is literally me.
CM01087,C0306,I can completely relate to this.
CM01088,C0306,Interesting perspective.
CM01089,C0307,Nice explanation.
CM01090,C0307,This describes exactly what I have been feeling.
CM01091,C0307,Well explained.
CM01092,C0307,I have been through the same thing.
CM01093,C0307,Interesting post.
CM01094,C0308,I needed to hear this today.
CM01095,C0308,Thanks for the tips.
CM01096,C0308,Very useful advice.
CM01097,C0308,Finally someone talked about this.
CM01098,C0308,This feels so real.
CM01099,C0309,This feels so real.
CM01100,C0309,Good video.
CM01101,C0309,This is literally me.
CM01102,C0309,I thought I was the only one who felt this way.
CM01103,C0309,I have been through the same thing.
CM01104,C0310,This feels so real.
CM01105,C0310,Thanks for sharing.
CM01106,C0310,You explained my situation perfectly.
CM01107,C0311,I thought I was the only one who felt this way.
CM01108,C0311,Well explained.
CM01109,C0312,You explained my situation perfectly.
CM01110,C0312,This describes exactly what I have been feeling.
CM01111,C0312,Thanks for the tips.
CM01112,C0312,This feels so real.
CM01113,C0312,Finally someone talked about this.
CM01114,C0313,This was informative.
CM01115,C0313,Good video.
CM01116,C0313,Very useful advice.
CM01117,C0313,I thought I was the only one who felt this way.
CM01118,C0313,Interesting perspective.
CM01119,C0314,Finally someone talked about this.
CM01120,C0314,Well explained.
CM01121,C0314,I have been through the same thing.
CM01122,C0314,You explained my situation perfectly.
CM01123,C0314,I thought I was the only one who felt this way.
CM01124,C0315,This is literally me.
CM01125,C0315,I can completely relate to this.
CM01126,C0315,Good information.
CM01127,C0315,Thanks for sharing.
CM01128,C0315,Nice explanation.
CM01129,C0316,Thanks for the tips.
CM01130,C0316,This feels so real.
CM01131,C0316,I needed to hear this today.
CM01132,C0316,This was informative.
CM01133,C0316,Good video.
CM01134,C0317,Interesting perspective.
CM01135,C0317,This was informative.
CM01136,C0318,Good information.
CM01137,C0318,This hit me hard.
CM01138,C0318,Good information.
CM01139,C0319,I needed to hear this today.
CM01140,C0319,Very useful advice.
CM01141,C0319,Finally someone talked about this.
CM01142,C0319,This feels so real.
CM01143,C0320,You explained my situation perfectly.
CM01144,C0320,Thanks for sharing.
CM01145,C0320,This describes exactly what I have been feeling.
CM01146,C0320,Good video.
CM01147,C0320,Thanks for sharing.
CM01148,C0321,Thanks for sharing.
CM01149,C0321,I thought I was the only one who felt this way.
CM01150,C0321,Thanks for sharing.
CM01151,C0321,Thanks for the tips.
CM01152,C0322,Thanks for sharing.
CM01153,C0322,You explained my situation perfectly.
CM01154,C0322,Interesting perspective.
CM01155,C0322,Interesting perspective.
CM01156,C0322,This hit me hard.
CM01157,C0323,Thanks for the tips.
CM01158,C0323,This describes exactly what I have been feeling.
CM01159,C0323,Finally someone talked about this.
CM01160,C0323,I have been through the same thing.
CM01161,C0323,Very useful advice.
CM01162,C0324,This hit me hard.
CM01163,C0324,Good information.
CM01164,C0324,Interesting perspective.
CM01165,C0324,Good video.
CM01166,C0325,Interesting post.
CM01167,C0325,This hit me hard.
CM01168,C0326,I thought I was the only one who felt this way.
CM01169,C0326,Interesting perspective.
CM01170,C0326,I have been through the same thing.
CM01171,C0326,Interesting post.
CM01172,C0327,Good video.
CM01173,C0327,Good information.
CM01174,C0327,This hit me hard.
CM01175,C0327,Interesting perspective.
CM01176,C0328,I needed to hear this today.
CM01177,C0328,This is literally me.
CM01178,C0328,Interesting perspective.
CM01179,C0328,Interesting perspective.
CM01180,C0329,I have been through the same thing.
CM01181,C0329,Interesting perspective.
CM01182,C0329,I needed to hear this today.
CM01183,C0329,Interesting perspective.
CM01184,C0330,I thought I was the only one who felt this way.
CM01185,C0330,I thought I was the only one who felt this way.
CM01186,C0331,Finally someone talked about this.
CM01187,C0331,I needed to hear this today.
CM01188,C0331,I thought I was the only one who felt this way.
CM01189,C0331,Interesting perspective.
CM01190,C0332,Good video.
CM01191,C0332,Nice explanation.
CM01192,C0332,Very useful advice.
CM01193,C0333,This hit me hard.
CM01194,C0333,Good video.
CM01195,C0333,Thanks for sharing.
CM01196,C0333,Thanks for sharing.
CM01197,C0333,This was informative.
CM01198,C0334,I have been through the same thing.
CM01199,C0334,Thanks for sharing.
CM01200,C0334,This feels so real.
CM01201,C0334,I needed to hear this today.
CM01202,C0334,Interesting post.
CM01203,C0335,You explained my situation perfectly.
CM01204,C0335,Thanks for the tips.
CM01205,C0336,You explained my situation perfectly.
CM01206,C0336,I can completely relate to this.
CM01207,C0336,This was informative.
CM01208,C0337,I have been through the same thing.
CM01209,C0337,This feels so real.
CM01210,C0338,This hit me hard.
CM01211,C0338,This was informative.
CM01212,C0339,I needed to hear this today.
CM01213,C0339,Nice explanation.
CM01214,C0339,This was informative.
CM01215,C0339,Very useful advice.
CM01216,C0340,Thanks for sharing.
CM01217,C0340,This is literally me.
CM01218,C0340,Interesting post.
CM01219,C0341,This hit me hard.
CM01220,C0341,I have been through the same thing.
CM01221,C0342,I needed to hear this today.
CM01222,C0342,This is literally me.
CM01223,C0342,I thought I was the only one who felt this way.
CM01224,C0342,Finally someone talked about this.
CM01225,C0343,Interesting post.
CM01226,C0343,Interesting post.
CM01227,C0343,Finally someone talked about this.
CM01228,C0344,Finally someone talked about this.
CM01229,C0344,Thanks for sharing.
CM01230,C0344,Thanks for sharing.
CM01231,C0345,I thought I was the only one who felt this way.
CM01232,C0345,Nice explanation.
CM01233,C0345,Good video.
CM01234,C0345,I thought I was the only one who felt this way.
CM01235,C0346,This was informative.
CM01236,C0346,This is literally me.
CM01237,C0346,I needed to hear this today.
CM01238,C0346,I thought I was the only one who felt this way.
CM01239,C0347,Very useful advice.
CM01240,C0347,Thanks for sharing.
CM01241,C0347,Interesting post.
CM01242,C0347,You explained my situation perfectly.
CM01243,C0347,I thought I was the only one who felt this way.
CM01244,C0348,Interesting post.
CM01245,C0348,I thought I was the only one who felt this way.
CM01246,C0348,Nice explanation.
CM01247,C0348,Good information.
CM01248,C0348,Thanks for sharing.
CM01249,C0349,This was informative.
CM01250,C0349,This feels so real.
CM01251,C0350,Well explained.
CM01252,C0350,Thanks for the tips.
CM01253,C0350,This was informative.
CM01254,C0350,Interesting post.
CM01255,C0350,Good information.
CM01256,C0351,Thanks for the tips.
CM01257,C0351,This hit me hard.
CM01258,C0351,Good video.
CM01259,C0351,I needed to hear this today.
CM01260,C0351,I thought I was the only one who felt this way.
CM01261,C0352,Good video.
CM01262,C0352,I have been through the same thing.
CM01263,C0352,Nice explanation.
CM01264,C0352,Thanks for sharing.
CM01265,C0353,Very useful advice.
CM01266,C0353,You explained my situation perfectly.
CM01267,C0354,Good video.
CM01268,C0354,I have been through the same thing.
CM01269,C0355,This describes exactly what I have been feeling.
CM01270,C0355,Finally someone talked about this.
CM01271,C0355,You explained my situation perfectly.
CM01272,C0356,Nice explanation.
CM01273,C0356,Thanks for the tips.
CM01274,C0357,This is literally me.
CM01275,C0357,This is literally me.
CM01276,C0358,This hit me hard.
CM01277,C0358,This hit me hard.
CM01278,C0358,Finally someone talked about this.
CM01279,C0358,I thought I was the only one who felt this way.
CM01280,C0358,I can completely relate to this.
CM01281,C0359,Thanks for the tips.
CM01282,C0359,Interesting perspective.
CM01283,C0359,I can completely relate to this.
CM01284,C0359,This is literally me.
CM01285,C0359,Interesting post.
CM01286,C0360,Interesting perspective.
CM01287,C0360,I thought I was the only one who felt this way.
CM01288,C0360,Finally someone talked about this.
CM01289,C0360,Very useful advice.
CM01290,C0360,This describes exactly what I have been feeling.
CM01291,C0361,You explained my situation perfectly.
CM01292,C0361,Finally someone talked about this.
CM01293,C0361,Good video.
CM01294,C0361,Very useful advice.
CM01295,C0361,Interesting perspective.
CM01296,C0362,I thought I was the only one who felt this way.
CM01297,C0362,You explained my situation perfectly.
CM01298,C0362,This feels so real.
CM01299,C0363,Finally someone talked about this.
CM01300,C0363,I thought I was the only one who felt this way.
CM01301,C0363,Interesting perspective.
CM01302,C0364,Good information.
CM01303,C0364,Interesting post.
CM01304,C0364,I can completely relate to this.
CM01305,C0364,Interesting perspective.
CM01306,C0364,This was informative.
CM01307,C0365,Very useful advice.
CM01308,C0365,I needed to hear this today.
CM01309,C0365,This was informative.
CM01310,C0365,I can completely relate to this.
CM01311,C0365,Good information.
CM01312,C0366,Interesting perspective.
CM01313,C0366,Nice explanation.
CM01314,C0366,This is literally me.
CM01315,C0367,This hit me hard.
CM01316,C0367,Interesting perspective.
CM01317,C0367,This hit me hard.
CM01318,C0368,Very useful advice.
CM01319,C0368,This describes exactly what I have been feeling.
CM01320,C0368,I can completely relate to this.
CM01321,C0369,I can completely relate to this.
CM01322,C0369,Good information.
CM01323,C0369,This feels so real.
CM01324,C0369,You explained my situation perfectly.
CM01325,C0369,Finally someone talked about this.
CM01326,C0370,This is literally me.
CM01327,C0370,Thanks for sharing.
CM01328,C0370,This is literally me.
CM01329,C0370,Interesting post.
CM01330,C0370,This describes exactly what I have been feeling.
CM01331,C0371,Good video.
CM01332,C0371,This feels so real.
CM01333,C0371,I thought I was the only one who felt this way.
CM01334,C0371,I thought I was the only one who felt this way.
CM01335,C0371,You explained my situation perfectly.
CM01336,C0372,This describes exactly what I have been feeling.
CM01337,C0372,Finally someone talked about this.
CM01338,C0372,This was informative.
CM01339,C0373,Finally someone talked about this.
CM01340,C0373,You explained my situation perfectly.
CM01341,C0373,I have been through the same thing.
CM01342,C0374,Nice explanation.
CM01343,C0374,I can completely relate to this.
CM01344,C0374,Finally someone talked about this.
CM01345,C0375,I thought I was the only one who felt this way.
CM01346,C0375,Thanks for the tips.
CM01347,C0376,This feels so real.
CM01348,C0376,I needed to hear this today.
CM01349,C0376,Interesting perspective.
CM01350,C0376,Interesting perspective.
CM01351,C0376,Very useful advice.
CM01352,C0377,This hit me hard.
CM01353,C0377,This describes exactly what I have been feeling.
CM01354,C0378,Nice explanation.
CM01355,C0378,You explained my situation perfectly.
CM01356,C0378,Very useful advice.
CM01357,C0378,You explained my situation perfectly.
CM01358,C0378,Interesting perspective.
CM01359,C0379,Good information.
CM01360,C0379,This is literally me.
CM01361,C0379,I have been through the same thing.
CM01362,C0380,You explained my situation perfectly.
CM01363,C0380,I thought I was the only one who felt this way.
CM01364,C0381,Interesting post.
CM01365,C0381,Good information.
CM01366,C0381,This was informative.
CM01367,C0381,Thanks for sharing.
CM01368,C0381,This describes exactly what I have been feeling.
CM01369,C0382,I needed to hear this today.
CM01370,C0382,I have been through the same thing.
CM01371,C0383,Thanks for the tips.
CM01372,C0383,This was informative.
CM01373,C0384,Good video.
CM01374,C0384,Good information.
CM01375,C0384,Interesting post.
CM01376,C0385,Good video.
CM01377,C0385,Nice explanation.
CM01378,C0385,Nice explanation.
CM01379,C0385,Interesting perspective.
CM01380,C0385,Very useful advice.
CM01381,C0386,Good video.
CM01382,C0386,Good information.
CM01383,C0387,Interesting post.
CM01384,C0387,I have been through the same thing.
CM01385,C0387,Good video.
CM01386,C0387,This hit me hard.
CM01387,C0388,Very useful advice.
CM01388,C0388,This feels so real.
CM01389,C0389,Thanks for the tips.
CM01390,C0389,Interesting perspective.
CM01391,C0389,Very useful advice.
CM01392,C0390,I needed to hear this today.
CM01393,C0390,This was informative.
CM01394,C0390,I thought I was the only one who felt this way.
CM01395,C0391,I have been through the same thing.
CM01396,C0391,Interesting post.
CM01397,C0391,Well explained.
CM01398,C0391,Well explained.
CM01399,C0392,This feels so real.
CM01400,C0392,Interesting post.
CM01401,C0392,I have been through the same thing.
CM01402,C0392,You explained my situation perfectly.
CM01403,C0393,I thought I was the only one who felt this way.
CM01404,C0393,I needed to hear this today.
CM01405,C0393,I can completely relate to this.
CM01406,C0394,This describes exactly what I have been feeling.
CM01407,C0394,Good information.
CM01408,C0394,This hit me hard.
CM01409,C0394,Thanks for the tips.
CM01410,C0394,I have been through the same thing.
CM01411,C0395,I thought I was the only one who felt this way.
CM01412,C0395,This describes exactly what I have been feeling.
CM01413,C0396,This feels so real.
CM01414,C0396,Good video.
CM01415,C0396,This hit me hard.
CM01416,C0396,Thanks for the tips.
CM01417,C0397,I can completely relate to this.
CM01418,C0397,Nice explanation.
CM01419,C0397,I needed to hear this today.
CM01420,C0397,This feels so real.
CM01421,C0397,Good information.
CM01422,C0398,I have been through the same thing.
CM01423,C0398,Interesting perspective.
CM01424,C0398,Well explained.
CM01425,C0399,I can completely relate to this.
CM01426,C0399,Thanks for sharing.
CM01427,C0399,I thought I was the only one who felt this way.
CM01428,C0399,This feels so real.
CM01429,C0400,This feels so real.
CM01430,C0400,This hit me hard.
CM01431,C0400,Good video.
CM01432,C0401,I have been through the same thing.
CM01433,C0401,Thanks for sharing.
CM01434,C0401,Interesting post.
CM01435,C0401,This was informative.
CM01436,C0402,Thanks for the tips.
CM01437,C0402,Thanks for sharing.
CM01438,C0402,This hit me hard.
CM01439,C0402,Good video.
CM01440,C0402,Nice explanation.
CM01441,C0403,Interesting perspective.
CM01442,C0403,Interesting perspective.
CM01443,C0403,Thanks for the tips.
CM01444,C0403,I thought I was the only one who felt this way.
CM01445,C0403,Good information.
CM01446,C0404,Interesting post.
CM01447,C0404,You explained my situation perfectly.
CM01448,C0404,Very useful advice.
CM01449,C0405,This feels so real.
CM01450,C0405,This describes exactly what I have been feeling.
CM01451,C0405,Very useful advice.
CM01452,C0405,Nice explanation.
CM01453,C0405,I thought I was the only one who felt this way.
CM01454,C0406,Interesting post.
CM01455,C0406,This was informative.
CM01456,C0406,This feels so real.
CM01457,C0406,Well explained.
CM01458,C0406,Good video.
CM01459,C0407,You explained my situation perfectly.
CM01460,C0407,This feels so real.
CM01461,C0407,This feels so real.
CM01462,C0407,I have been through the same thing.
CM01463,C0407,Interesting post.
CM01464,C0408,Thanks for the tips.
CM01465,C0408,This was informative.
CM01466,C0408,Nice explanation.
CM01467,C0409,This was informative.
CM01468,C0409,This was informative.
CM01469,C0409,Finally someone talked about this.
CM01470,C0410,I needed to hear this today.
CM01471,C0410,This hit me hard.
CM01472,C0411,Finally someone talked about this.
CM01473,C0411,Interesting post.
CM01474,C0411,I needed to hear this today.
CM01475,C0411,This hit me hard.
CM01476,C0412,Thanks for sharing.
CM01477,C0412,You explained my situation perfectly.
CM01478,C0412,I have been through the same thing.
CM01479,C0412,I needed to hear this today.
CM01480,C0412,Nice explanation.
CM01481,C0413,Thanks for the tips.
CM01482,C0413,This is literally me.
CM01483,C0413,I needed to hear this today.
CM01484,C0413,Thanks for the tips.
CM01485,C0413,I needed to hear this today.
CM01486,C0414,This describes exactly what I have been feeling.
CM01487,C0414,I needed to hear this today.
CM01488,C0414,Interesting post.
CM01489,C0414,Good video.
CM01490,C0414,Interesting perspective.
CM01491,C0415,Thanks for the tips.
CM01492,C0415,Interesting post.
CM01493,C0415,Finally someone talked about this.
CM01494,C0415,I needed to hear this today.
CM01495,C0415,This is literally me.
CM01496,C0416,I can completely relate to this.
CM01497,C0416,This is literally me.
CM01498,C0416,You explained my situation perfectly.
CM01499,C0417,I needed to hear this today.
CM01500,C0417,Interesting post.
CM01501,C0417,Thanks for sharing.
CM01502,C0417,Interesting perspective.
CM01503,C0418,Good video.
CM01504,C0418,Nice explanation.
CM01505,C0418,This feels so real.
CM01506,C0419,This feels so real.
CM01507,C0419,Good information.
CM01508,C0420,Good video.
CM01509,C0420,This was informative.
CM01510,C0420,I can completely relate to this.
CM01511,C0421,This hit me hard.
CM01512,C0421,This describes exactly what I have been feeling.
CM01513,C0422,Interesting post.
CM01514,C0422,I can completely relate to this.
CM01515,C0423,Nice explanation.
CM01516,C0423,Thanks for sharing.
CM01517,C0424,Interesting perspective.
CM01518,C0424,Good video.
CM01519,C0424,I needed to hear this today.
CM01520,C0424,I thought I was the only one who felt this way.
CM01521,C0424,I can completely relate to this.
CM01522,C0425,This describes exactly what I have been feeling.
CM01523,C0425,I thought I was the only one who felt this way.
CM01524,C0425,I thought I was the only one who felt this way.
CM01525,C0426,I have been through the same thing.
CM01526,C0426,Good information.
CM01527,C0427,This hit me hard.
CM01528,C0427,Thanks for the tips.
CM01529,C0427,I needed to hear this today.
CM01530,C0428,This is literally me.
CM01531,C0428,Interesting post.
CM01532,C0429,Very useful advice.
CM01533,C0429,This feels so real.
CM01534,C0429,I can completely relate to this.
CM01535,C0430,Good video.
CM01536,C0430,This hit me hard.
CM01537,C0430,Interesting perspective.
CM01538,C0430,Finally someone talked about this.
CM01539,C0431,Finally someone talked about this.
CM01540,C0431,Well explained.
CM01541,C0432,Nice explanation.
CM01542,C0432,This hit me hard.
CM01543,C0432,I thought I was the only one who felt this way.
CM01544,C0433,Thanks for the tips.
CM01545,C0433,Finally someone talked about this.
CM01546,C0433,I thought I was the only one who felt this way.
CM01547,C0434,This was informative.
CM01548,C0434,This hit me hard.
CM01549,C0434,I thought I was the only one who felt this way.
CM01550,C0435,I thought I was the only one who felt this way.
CM01551,C0435,I have been through the same thing.
CM01552,C0435,Nice explanation.
CM01553,C0435,Good information.
CM01554,C0436,I thought I was the only one who felt this way.
CM01555,C0436,I have been through the same thing.
CM01556,C0437,Thanks for the tips.
CM01557,C0437,You explained my situation perfectly.
CM01558,C0437,You explained my situation perfectly.
CM01559,C0437,I thought I was the only one who felt this way.
CM01560,C0438,Good video.
CM01561,C0438,I have been through the same thing.
CM01562,C0438,This was informative.
CM01563,C0438,I thought I was the only one who felt this way.
CM01564,C0438,You explained my situation perfectly.
CM01565,C0439,Interesting post.
CM01566,C0439,Thanks for sharing.
CM01567,C0439,This describes exactly what I have been feeling.
CM01568,C0439,Finally someone talked about this.
CM01569,C0439,This was informative.
CM01570,C0440,You explained my situation perfectly.
CM01571,C0440,Nice explanation.
CM01572,C0441,This was informative.
CM01573,C0441,Finally someone talked about this.
CM01574,C0441,Thanks for the tips.
CM01575,C0441,Thanks for sharing.
CM01576,C0442,I needed to hear this today.
CM01577,C0442,This describes exactly what I have been feeling.
CM01578,C0442,Thanks for sharing.
CM01579,C0442,This is literally me.
CM01580,C0442,Thanks for the tips.
CM01581,C0443,This was informative.
CM01582,C0443,Good video.
CM01583,C0444,Finally someone talked about this.
CM01584,C0444,I thought I was the only one who felt this way.
CM01585,C0444,Well explained.
CM01586,C0445,Very useful advice.
CM01587,C0445,I have been through the same thing.
CM01588,C0445,I needed to hear this today.
CM01589,C0445,Well explained.
CM01590,C0445,Good information.
CM01591,C0446,Interesting post.
CM01592,C0446,This feels so real.
CM01593,C0446,Thanks for the tips.
CM01594,C0446,This is literally me.
CM01595,C0446,I needed to hear this today.
CM01596,C0447,Thanks for sharing.
CM01597,C0447,You explained my situation perfectly.
CM01598,C0447,Interesting post.
CM01599,C0448,Well explained.
CM01600,C0448,Thanks for the tips.
CM01601,C0448,Thanks for sharing.
CM01602,C0448,This was informative.
CM01603,C0448,Finally someone talked about this.
CM01604,C0449,Good video.
CM01605,C0449,Nice explanation.
CM01606,C0449,This is literally me.
CM01607,C0449,Thanks for sharing.
CM01608,C0449,Good video.
CM01609,C0450,Good video.
CM01610,C0450,You explained my situation perfectly.
CM01611,C0451,This was informative.
CM01612,C0451,This describes exactly what I have been feeling.
CM01613,C0451,I needed to hear this today.
CM01614,C0451,Interesting post.
CM01615,C0452,I can completely relate to this.
CM01616,C0452,This feels so real.
CM01617,C0452,You explained my situation perfectly.
CM01618,C0452,This was informative.
CM01619,C0453,I have been through the same thing.
CM01620,C0453,Good video.
CM01621,C0453,You explained my situation perfectly.
CM01622,C0453,I thought I was the only one who felt this way.
CM01623,C0454,This describes exactly what I have been feeling.
CM01624,C0454,This hit me hard.
CM01625,C0454,Good video.
CM01626,C0454,I needed to hear this today.
CM01627,C0454,You explained my situation perfectly.
CM01628,C0455,Interesting post.
CM01629,C0455,Well explained.
CM01630,C0455,I needed to hear this today.
CM01631,C0456,Finally someone talked about this.
CM01632,C0456,This describes exactly what I have been feeling.
CM01633,C0457,Interesting perspective.
CM01634,C0457,This feels so real.
CM01635,C0458,This hit me hard.
CM01636,C0458,This describes exactly what I have been feeling.
CM01637,C0458,I thought I was the only one who felt this way.
CM01638,C0458,Nice explanation.
CM01639,C0459,This hit me hard.
CM01640,C0459,You explained my situation perfectly.
CM01641,C0459,Finally someone talked about this.
CM01642,C0459,This hit me hard.
CM01643,C0460,Well explained.
CM01644,C0460,Interesting perspective.
CM01645,C0460,Thanks for the tips.
CM01646,C0461,Well explained.
CM01647,C0461,This was informative.
CM01648,C0461,Good information.
CM01649,C0461,This feels so real.
CM01650,C0462,I can completely relate to this.
CM01651,C0462,Nice explanation.
CM01652,C0462,This was informative.
CM01653,C0462,I thought I was the only one who felt this way.
CM01654,C0462,This was informative.
CM01655,C0463,Thanks for sharing.
CM01656,C0463,Finally someone talked about this.
CM01657,C0463,This describes exactly what I have been feeling.
CM01658,C0463,This describes exactly what I have been feeling.
CM01659,C0464,I needed to hear this today.
CM01660,C0464,Well explained.
CM01661,C0465,This is literally me.
CM01662,C0465,I needed to hear this today.
CM01663,C0465,I needed to hear this today.
CM01664,C0465,Nice explanation.
CM01665,C0465,Thanks for sharing.
CM01666,C0466,Thanks for the tips.
CM01667,C0466,Good information.
CM01668,C0467,I needed to hear this today.
CM01669,C0467,This was informative.
CM01670,C0468,Interesting post.
CM01671,C0468,I can completely relate to this.
CM01672,C0468,Finally someone talked about this.
CM01673,C0468,Interesting post.
CM01674,C0469,I thought I was the only one who felt this way.
CM01675,C0469,I thought I was the only one who felt this way.
CM01676,C0469,Good video.
CM01677,C0469,Finally someone talked about this.
CM01678,C0470,Very useful advice.
CM01679,C0470,Very useful advice.
CM01680,C0470,I can completely relate to this.
CM01681,C0470,I needed to hear this today.
CM01682,C0470,I needed to hear this today.
CM01683,C0471,This feels so real.
CM01684,C0471,Interesting post.
CM01685,C0472,Thanks for the tips.
CM01686,C0472,Nice explanation.
CM01687,C0472,Thanks for sharing.
CM01688,C0472,This feels so real.
CM01689,C0473,Finally someone talked about this.
CM01690,C0473,This is literally me.
CM01691,C0473,Very useful advice.
CM01692,C0473,You explained my situation perfectly.
CM01693,C0474,Good video.
CM01694,C0474,Interesting post.
CM01695,C0474,Very useful advice.
CM01696,C0474,This was informative.
CM01697,C0475,This was informative.
CM01698,C0475,Nice explanation.
CM01699,C0476,This describes exactly what I have been feeling.
CM01700,C0476,I can completely relate to this.
CM01701,C0476,Good video.
CM01702,C0476,This was informative.
CM01703,C0477,I thought I was the only one who felt this way.
CM01704,C0477,Thanks for the tips.
CM01705,C0478,Good video.
CM01706,C0478,Interesting post.
CM01707,C0478,Nice explanation.
CM01708,C0478,Good video.
CM01709,C0478,This hit me hard.
CM01710,C0479,Good information.
CM01711,C0479,Thanks for sharing.
CM01712,C0479,Thanks for sharing.
CM01713,C0479,This describes exactly what I have been feeling.
CM01714,C0480,I thought I was the only one who felt this way.
CM01715,C0480,This describes exactly what I have been feeling.
CM01716,C0480,Thanks for sharing.
CM01717,C0480,This was informative.
CM01718,C0481,Thanks for sharing.
CM01719,C0481,Finally someone talked about this.
CM01720,C0481,Nice explanation.
CM01721,C0481,You explained my situation perfectly.
CM01722,C0482,You explained my situation perfectly.
CM01723,C0482,Interesting perspective.
CM01724,C0482,This is literally me.
CM01725,C0482,Interesting perspective.
CM01726,C0483,Thanks for the tips.
CM01727,C0483,I can completely relate to this.
CM01728,C0483,Finally someone talked about this.
CM01729,C0484,Thanks for sharing.
CM01730,C0484,This feels so real.
CM01731,C0484,Finally someone talked about this.
CM01732,C0484,This hit me hard.
CM01733,C0484,I have been through the same thing.
CM01734,C0485,This describes exactly what I have been feeling.
CM01735,C0485,I needed to hear this today.
CM01736,C0485,I have been through the same thing.
CM01737,C0485,You explained my situation perfectly.
CM01738,C0485,Interesting perspective.
CM01739,C0486,Nice explanation.
CM01740,C0486,Very useful advice.
CM01741,C0486,This was informative.
CM01742,C0487,I needed to hear this today.
CM01743,C0487,I have been through the same thing.
CM01744,C0487,Good video.
CM01745,C0488,I have been through the same thing.
CM01746,C0488,This feels so real.
CM01747,C0488,This was informative.
CM01748,C0488,This was informative.
CM01749,C0488,Interesting perspective.
CM01750,C0489,This hit me hard.
CM01751,C0489,This feels so real.
CM01752,C0489,Thanks for the tips.
CM01753,C0489,Interesting perspective.
CM01754,C0490,This hit me hard.
CM01755,C0490,Nice explanation.
CM01756,C0491,Thanks for sharing.
CM01757,C0491,Well explained.
CM01758,C0491,I can completely relate to this.
CM01759,C0491,This hit me hard.
CM01760,C0491,Good video.
CM01761,C0492,This feels so real.
CM01762,C0492,This was informative.
CM01763,C0492,I thought I was the only one who felt this way.
CM01764,C0492,I can completely relate to this.
CM01765,C0492,Nice explanation.
CM01766,C0493,Nice explanation.
CM01767,C0493,Nice explanation.
CM01768,C0493,Nice explanation.
CM01769,C0493,This was informative.
CM01770,C0494,I have been through the same thing.
CM01771,C0494,Thanks for sharing.
CM01772,C0494,Thanks for the tips.
CM01773,C0495,This is literally me.
CM01774,C0495,This is literally me.
CM01775,C0496,I have been through the same thing.
CM01776,C0496,I have been through the same thing.
CM01777,C0496,This feels so real.
CM01778,C0496,Well explained.
CM01779,C0496,I have been through the same thing.
CM01780,C0497,Thanks for sharing.
CM01781,C0497,I thought I was the only one who felt this way.
CM01782,C0498,Thanks for sharing.
CM01783,C0498,Well explained.
CM01784,C0498,Interesting perspective.
CM01785,C0499,Good information.
CM01786,C0499,Interesting perspective.
CM01787,C0499,I thought I was the only one who felt this way.
CM01788,C0500,Interesting post.
CM01789,C0500,Good information.
CM01790,C0500,I thought I was the only one who felt this way.
