content_id,topic,content_type,length_sec,hook_type,posting_time,likes,shares,saves,comments,retention_rate,caption_style,followers_gained
C0001,Dating,Short Video,38,Visual,12:00,1657,264,301,41,69.84,Story,218
C0002,Dating,Short Video,33,Visual,09:00,1168,210,212,71,65.64,Question,397
C0003,Friendship,Long Video,137,Visual,20:00,889,68,98,30,65.99,Story,104
C0004,Loneliness,Long Video,135,Text,09:00,1699,159,312,40,56.69,Story,239
C0005,Loneliness,Image,0,Visual,17:00,2823,225,472,151,51.86,Question,507
C0006,Dating,Carousel,0,Text,20:00,1113,84,101,85,88.63,Statement,208
C0007,Social Anxiety,Carousel,0,Text,09:00,985,150,152,22,69.81,Statement,115
C0008,Overthinking,Long Video,68,Visual,21:00,1120,208,138,65,57.47,Story,256
C0009,Work Stress,Short Video,42,Visual,19:00,501,97,106,38,92.74,Statement,151
C0010,Relationships,Image,0,Text,12:00,1344,253,127,37,51.81,Statement,221
C0011,Dating,Long Video,153,Visual,12:00,559,97,78,18,66.71,Advice,80
C0012,Loneliness,Image,0,Visual,21:00,848,144,78,67,80.89,Statement,140
C0013,Social Anxiety,Long Video,64,Text,19:00,2416,400,223,92,49.63,Statement,571
C0014,Dating,Long Video,180,Text,12:00,2104,301,286,40,57.44,Advice,307
C0015,Loneliness,Carousel,0,Visual,12:00,1971,360,315,44,78.53,Statement,499
C0016,Loneliness,Carousel,0,Visual,20:00,2658,356,561,125,70.91,Advice,540
C0017,Dating,Short Video,42,Visual,21:00,1322,128,220,97,72.73,Story,236
C0018,Loneliness,Short Video,27,Text,20:00,1069,174,127,21,73.98,Statement,138
C0019,Social Anxiety,Short Video,36,Text,21:00,2267,386,253,165,81.72,Statement,627
C0020,Dating,Image,0,Text,09:00,1511,278,202,33,59.12,Statement,284
C0021,Self Confidence,Short Video,42,Text,21:00,1419,72,236,59,71.89,Story,133
C0022,Self Confidence,Image,0,Visual,20:00,1392,140,334,50,70.75,Statement,315
C0023,Relationships,Short Video,18,Text,17:00,1389,269,170,65,74.33,Story,255
C0024,Social Anxiety,Long Video,132,Visual,09:00,1315,73,241,62,47.06,Advice,162
C0025,Dating,Long Video,144,Text,20:00,1134,81,185,89,54.68,Story,229
C0026,Work Stress,Carousel,0,Visual,21:00,1229,201,147,76,64.71,Statement,287
C0027,Loneliness,Image,0,Text,09:00,1741,110,386,62,57.46,Story,177
C0028,Friendship,Short Video,25,Visual,20:00,3841,532,749,61,80.87,Story,563
C0029,Social Anxiety,Short Video,37,Visual,12:00,764,117,111,57,69.26,Question,150
C0030,Social Anxiety,Image,0,Visual,17:00,1778,119,421,128,60.32,Advice,399
C0031,Friendship,Long Video,179,Text,12:00,1304,168,157,27,80.89,Advice,266
C0032,Loneliness,Long Video,72,Text,17:00,2588,375,356,97,74.04,Advice,635
C0033,Loneliness,Carousel,0,Visual,21:00,1447,211,136,36,85.94,Question,250
C0034,Social Anxiety,Carousel,0,Visual,12:00,1658,85,161,96,50.2,Story,146
C0035,Friendship,Carousel,0,Visual,17:00,3213,474,379,196,59.49,Advice,550
C0036,Friendship,Short Video,29,Visual,09:00,1494,241,284,104,85.39,Question,385
C0037,Dating,Long Video,112,Text,19:00,1101,98,133,86,60.72,Story,250
C0038,Loneliness,Short Video,20,Visual,19:00,833,120,179,39,82.88,Statement,185
C0039,Relationships,Image,0,Text,12:00,1701,156,143,96,57.08,Story,328
C0040,Work Stress,Long Video,67,Visual,21:00,650,125,153,25,45.62,Statement,226
C0041,Social Anxiety,Short Video,33,Visual,09:00,1778,345,400,60,76.94,Question,575
C0042,Self Confidence,Short Video,34,Visual,19:00,1158,112,126,59,94.02,Question,203
C0043,Friendship,Short Video,34,Text,21:00,708,100,175,17,81.07,Statement,199
C0044,Work Stress,Long Video,151,Text,12:00,1133,182,224,68,59.38,Statement,226
C0045,Loneliness,Long Video,142,Text,19:00,1674,301,393,80,65.06,Statement,534
C0046,Dating,Short Video,29,Visual,09:00,1672,246,333,111,92.59,Story,343
C0047,Work Stress,Long Video,104,Visual,12:00,681,93,58,30,66.71,Statement,93
C0048,Work Stress,Long Video,166,Text,20:00,914,126,77,15,77.9,Question,116
C0049,Work Stress,Short Video,45,Visual,17:00,1079,178,125,59,67.65,Question,142
C0050,Dating,Long Video,96,Visual,21:00,697,90,119,39,74.04,Statement,195
C0051,Friendship,Image,0,Text,09:00,378,63,47,16,53.14,Question,46
C0052,Loneliness,Image,0,Text,12:00,1397,271,310,84,66.36,Statement,281
C0053,Self Confidence,Carousel,0,Text,20:00,928,122,186,53,61.2,Question,275
C0054,Dating,Short Video,45,Visual,20:00,880,141,153,48,78.01,Question,158
C0055,Overthinking,Long Video,76,Visual,17:00,2641,137,263,47,46.63,Statement,306
C0056,Social Anxiety,Image,0,Visual,21:00,928,144,149,19,69.66,Question,171
C0057,Overthinking,Carousel,0,Visual,12:00,1145,125,211,64,51.81,Story,200
C0058,Self Confidence,Carousel,0,Text,19:00,607,87,100,42,76.35,Story,98
C0059,Work Stress,Long Video,149,Visual,19:00,1162,62,208,88,68.02,Question,179
C0060,Relationships,Long Video,164,Text,17:00,867,127,136,43,82.66,Statement,161
C0061,Friendship,Long Video,144,Visual,19:00,1343,81,180,93,45.93,Statement,254
C0062,Work Stress,Short Video,45,Text,17:00,739,68,73,44,84.5,Advice,145
C0063,Overthinking,Short Video,18,Text,12:00,2057,189,226,131,90.01,Statement,456
C0064,Social Anxiety,Short Video,34,Text,21:00,1938,216,277,126,75.56,Statement,487
C0065,Loneliness,Short Video,27,Visual,17:00,1118,181,232,24,92.98,Question,239
C0066,Loneliness,Short Video,31,Visual,17:00,2307,401,310,168,77.07,Advice,328
C0067,Dating,Image,0,Visual,21:00,1507,290,267,84,67.94,Statement,314
C0068,Work Stress,Carousel,0,Text,20:00,969,96,188,61,81.66,Story,235
C0069,Friendship,Carousel,0,Text,21:00,1143,67,198,49,85.51,Story,145
C0070,Work Stress,Carousel,0,Visual,17:00,636,42,66,41,74.73,Statement,60
C0071,Friendship,Carousel,0,Text,19:00,1317,80,289,80,53.25,Advice,157
C0072,Relationships,Long Video,120,Visual,21:00,912,180,130,35,77.51,Question,279
C0073,Work Stress,Image,0,Visual,21:00,701,116,122,29,86.25,Statement,105
C0074,Friendship,Long Video,63,Visual,12:00,1023,126,83,46,47.25,Advice,109
C0075,Dating,Carousel,0,Visual,21:00,1506,243,269,116,64.99,Advice,306
C0076,Relationships,Carousel,0,Visual,09:00,765,137,90,59,50.49,Advice,246
C0077,Friendship,Long Video,149,Text,09:00,1302,79,226,101,65.92,Story,249
C0078,Dating,Carousel,0,Text,21:00,1269,195,199,70,73.37,Statement,359
C0079,Relationships,Carousel,0,Text,12:00,4022,368,450,181,64.13,Advice,621
C0080,Relationships,Image,0,Text,20:00,773,47,189,61,77.93,Advice,161
C0081,Friendship,Image,0,Text,12:00,1942,296,209,144,82.9,Statement,552
C0082,Overthinking,Image,0,Visual,12:00,958,152,176,40,87.31,Story,269
C0083,Friendship,Carousel,0,Visual,09:00,2202,436,232,118,65.24,Advice,677
C0084,Loneliness,Image,0,Text,09:00,974,171,216,44,66.59,Story,197
C0085,Loneliness,Carousel,0,Visual,20:00,1264,209,304,88,59.89,Advice,324
C0086,Relationships,Short Video,45,Text,19:00,1237,85,299,67,72.09,Advice,264
C0087,Friendship,Carousel,0,Text,19:00,495,33,96,24,80.89,Question,82
C0088,Loneliness,Image,0,Text,21:00,2546,452,442,131,85.07,Story,551
C0089,Relationships,Long Video,128,Visual,19:00,1720,267,199,41,45.58,Question,263
C0090,Dating,Carousel,0,Text,12:00,2677,370,392,116,86.17,Question,446
C0091,Work Stress,Carousel,0,Text,17:00,2380,260,442,169,87.98,Statement,354
C0092,Loneliness,Image,0,Text,17:00,1313,248,214,41,68.37,Question,404
C0093,Relationships,Short Video,38,Visual,17:00,386,55,46,7,69.0,Story,43
C0094,Dating,Short Video,39,Visual,12:00,1200,87,124,67,70.64,Question,143
C0095,Self Confidence,Long Video,120,Visual,20:00,1165,174,127,32,46.63,Story,145
C0096,Relationships,Image,0,Visual,20:00,2039,187,224,42,54.83,Question,246
C0097,Self Confidence,Image,0,Visual,17:00,889,111,175,15,81.98,Advice,176
C0098,Loneliness,Long Video,135,Visual,09:00,652,40,148,48,47.44,Statement,103
C0099,Dating,Short Video,26,Text,21:00,1767,137,204,69,80.02,Statement,254
C0100,Dating,Image,0,Text,19:00,1912,201,303,121,51.47,Question,287
C0101,Loneliness,Image,0,Text,21:00,1731,219,295,38,67.9,Story,309
C0102,Loneliness,Long Video,126,Text,20:00,1496,129,188,59,45.8,Advice,182
C0103,Relationships,Carousel,0,Text,17:00,845,57,195,45,77.16,Story,189
C0104,Dating,Image,0,Visual,19:00,695,86,65,34,73.47,Advice,135
C0105,Overthinking,Short Video,30,Text,12:00,743,68,105,42,82.69,Advice,109
C0106,Friendship,Image,0,Text,17:00,1037,205,189,31,54.07,Statement,176
C0107,Social Anxiety,Long Video,90,Text,19:00,958,74,123,25,80.87,Story,80
C0108,Relationships,Carousel,0,Visual,09:00,922,118,138,72,54.48,Statement,179
C0109,Friendship,Carousel,0,Text,21:00,838,63,162,63,72.27,Statement,168
C0110,Relationships,Image,0,Text,17:00,1827,168,385,49,62.95,Advice,292
C0111,Work Stress,Image,0,Visual,21:00,425,28,78,14,73.25,Story,44
C0112,Overthinking,Short Video,38,Visual,12:00,1351,165,230,24,75.43,Story,160
C0113,Relationships,Image,0,Text,09:00,2098,185,410,135,73.83,Story,392
C0114,Work Stress,Long Video,82,Text,09:00,758,84,105,57,78.22,Story,200
C0115,Work Stress,Short Video,16,Text,21:00,1277,243,141,24,87.97,Story,260
C0116,Relationships,Short Video,42,Text,19:00,865,152,89,57,71.25,Advice,137
C0117,Relationships,Image,0,Text,19:00,1498,224,253,57,85.09,Question,277
C0118,Dating,Carousel,0,Visual,12:00,1000,172,154,39,68.51,Story,179
C0119,Work Stress,Short Video,22,Text,20:00,1052,89,245,42,81.85,Story,256
C0120,Loneliness,Carousel,0,Text,20:00,3171,455,316,241,75.11,Advice,553
C0121,Work Stress,Short Video,34,Visual,12:00,1254,179,214,91,89.45,Story,204
C0122,Work Stress,Short Video,20,Visual,20:00,829,80,101,52,66.04,Question,145
C0123,Self Confidence,Short Video,28,Text,17:00,1569,158,344,34,91.24,Question,193
C0124,Friendship,Image,0,Text,09:00,1383,151,298,34,59.17,Story,296
C0125,Work Stress,Long Video,74,Visual,21:00,1680,258,289,52,58.83,Story,251
C0126,Work Stress,Long Video,67,Visual,17:00,2195,408,393,90,63.48,Statement,699
C0127,Relationships,Short Video,29,Text,21:00,1407,177,258,22,92.04,Advice,329
C0128,Work Stress,Carousel,0,Visual,19:00,560,75,111,41,78.29,Statement,93
C0129,Work Stress,Short Video,17,Visual,21:00,2933,333,601,222,93.69,Statement,625
C0130,Social Anxiety,Long Video,126,Text,17:00,2873,192,710,199,49.99,Story,772
C0131,Loneliness,Carousel,0,Text,19:00,1300,180,192,24,63.41,Statement,275
C0132,Overthinking,Short Video,42,Text,19:00,2402,121,328,98,81.66,Advice,393
C0133,Work Stress,Carousel,0,Visual,19:00,512,82,80,15,68.1,Question,72
C0134,Overthinking,Image,0,Text,20:00,645,49,106,27,86.59,Question,87
C0135,Relationships,Carousel,0,Text,20:00,3335,173,642,88,88.44,Advice,322
C0136,Relationships,Short Video,21,Visual,17:00,2241,251,211,178,80.57,Advice,433
C0137,Relationships,Short Video,15,Visual,21:00,1215,99,282,34,70.91,Story,131
C0138,Work Stress,Short Video,32,Visual,12:00,1028,124,180,19,89.04,Question,167
C0139,Relationships,Short Video,35,Visual,19:00,280,30,49,7,70.64,Statement,59
C0140,Work Stress,Carousel,0,Text,12:00,1898,364,272,61,75.76,Advice,382
C0141,Self Confidence,Carousel,0,Visual,09:00,2018,109,237,60,76.88,Statement,134
C0142,Loneliness,Image,0,Text,09:00,2537,166,547,67,76.11,Statement,307
C0143,Work Stress,Carousel,0,Text,20:00,912,144,205,62,65.89,Advice,263
C0144,Overthinking,Image,0,Text,19:00,1070,86,138,78,50.52,Statement,118
C0145,Friendship,Long Video,109,Visual,19:00,1377,155,319,93,58.67,Question,250
C0146,Overthinking,Carousel,0,Text,19:00,661,70,119,21,74.97,Story,105
C0147,Relationships,Short Video,19,Text,09:00,383,36,92,24,69.34,Advice,105
C0148,Dating,Carousel,0,Visual,19:00,3206,394,744,214,67.01,Story,460
C0149,Dating,Carousel,0,Text,20:00,1493,216,184,35,83.4,Advice,350
C0150,Dating,Image,0,Text,17:00,492,63,53,16,50.74,Advice,103
C0151,Social Anxiety,Short Video,22,Text,12:00,1526,139,265,87,90.72,Question,208
C0152,Loneliness,Short Video,39,Visual,19:00,736,38,76,54,92.09,Story,108
C0153,Work Stress,Short Video,16,Visual,17:00,2603,198,612,109,76.88,Statement,477
C0154,Overthinking,Carousel,0,Text,20:00,2298,131,248,144,53.31,Story,331
C0155,Self Confidence,Long Video,138,Text,20:00,861,80,120,53,56.88,Story,154
C0156,Relationships,Long Video,119,Text,19:00,556,67,107,42,74.3,Statement,95
C0157,Social Anxiety,Carousel,0,Visual,09:00,998,124,181,36,80.84,Advice,128
C0158,Overthinking,Image,0,Text,19:00,1407,86,286,66,77.54,Statement,215
C0159,Friendship,Carousel,0,Visual,12:00,1699,288,336,55,73.61,Advice,337
C0160,Overthinking,Image,0,Visual,21:00,965,61,227,23,88.01,Advice,145
C0161,Work Stress,Short Video,33,Visual,20:00,1148,207,234,77,85.42,Advice,346
C0162,Work Stress,Long Video,162,Text,12:00,499,88,61,23,53.85,Story,145
C0163,Work Stress,Long Video,72,Visual,17:00,1319,101,232,98,46.36,Advice,280
C0164,Social Anxiety,Image,0,Visual,17:00,1536,145,364,119,87.77,Statement,335
C0165,Loneliness,Long Video,76,Text,20:00,1280,125,282,22,68.85,Statement,170
C0166,Self Confidence,Image,0,Text,17:00,1226,83,114,73,63.59,Statement,191
C0167,Dating,Carousel,0,Visual,12:00,1137,148,243,40,75.04,Advice,304
C0168,Overthinking,Short Video,40,Visual,17:00,1033,147,123,17,91.97,Question,102
C0169,Relationships,Image,0,Text,20:00,1262,240,272,100,64.03,Advice,433
C0170,Overthinking,Short Video,36,Text,09:00,2364,260,381,131,92.08,Statement,609
C0171,Friendship,Short Video,35,Text,21:00,901,101,185,27,68.42,Statement,146
C0172,Loneliness,Short Video,19,Visual,17:00,2804,261,365,84,66.3,Advice,243
C0173,Dating,Short Video,22,Visual,19:00,1237,133,241,36,94.45,Advice,268
C0174,Overthinking,Carousel,0,Visual,19:00,1496,94,225,107,87.79,Question,235
C0175,Relationships,Carousel,0,Visual,21:00,650,129,77,49,75.99,Statement,174
C0176,Friendship,Carousel,0,Text,09:00,1420,180,169,37,58.82,Statement,167
C0177,Overthinking,Short Video,27,Visual,09:00,926,54,226,67,93.76,Advice,253
C0178,Dating,Long Video,141,Visual,09:00,2425,184,357,155,72.84,Statement,286
C0179,Friendship,Long Video,132,Visual,09:00,849,70,145,45,68.2,Story,96
C0180,Friendship,Long Video,159,Visual,20:00,1630,296,203,38,80.55,Question,435
C0181,Work Stress,Long Video,129,Text,12:00,1219,180,211,25,61.34,Question,206
C0182,Social Anxiety,Long Video,105,Visual,20:00,1647,146,334,77,48.24,Statement,230
C0183,Social Anxiety,Long Video,66,Visual,21:00,1031,183,169,47,68.7,Advice,293
C0184,Dating,Short Video,30,Text,20:00,1426,145,278,73,73.28,Question,353
C0185,Relationships,Long Video,138,Visual,21:00,1669,296,379,101,78.48,Statement,509
C0186,Relationships,Short Video,16,Text,19:00,2219,337,410,141,69.92,Question,668
C0187,Relationships,Carousel,0,Visual,17:00,1100,110,227,27,82.72,Story,239
C0188,Dating,Long Video,139,Text,19:00,1367,172,110,46,69.68,Statement,278
C0189,Relationships,Carousel,0,Visual,21:00,571,82,98,37,54.28,Story,152
C0190,Loneliness,Carousel,0,Text,17:00,1901,249,463,70,75.3,Advice,559
C0191,Loneliness,Carousel,0,Text,19:00,986,93,197,19,73.29,Statement,139
C0192,Work Stress,Image,0,Text,09:00,1159,165,101,83,88.94,Question,305
C0193,Dating,Short Video,28,Text,12:00,927,151,78,15,75.03,Question,147
C0194,Overthinking,Short Video,28,Text,21:00,1619,268,317,71,73.48,Question,518
C0195,Work Stress,Image,0,Visual,12:00,469,34,100,28,58.83,Advice,57
C0196,Friendship,Short Video,26,Text,09:00,343,52,65,11,94.48,Statement,51
C0197,Friendship,Carousel,0,Visual,20:00,1646,185,310,67,60.97,Statement,426
C0198,Social Anxiety,Long Video,149,Text,17:00,1298,144,301,38,53.52,Statement,157
C0199,Social Anxiety,Long Video,78,Text,09:00,688,123,110,53,52.42,Story,223
C0200,Social Anxiety,Short Video,38,Visual,19:00,3032,504,639,211,88.59,Advice,855
C0201,Relationships,Image,0,Text,21:00,1343,227,217,30,55.01,Statement,309
C0202,Dating,Short Video,19,Visual,21:00,1862,213,212,87,66.99,Question,323
C0203,Work Stress,Carousel,0,Text,20:00,1654,159,260,26,52.9,Advice,215
C0204,Loneliness,Image,0,Visual,17:00,880,107,160,29,77.8,Advice,208
C0205,Dating,Image,0,Text,20:00,740,63,183,17,69.96,Statement,143
C0206,Social Anxiety,Long Video,136,Visual,09:00,1335,207,233,20,58.06,Story,257
C0207,Work Stress,Long Video,77,Text,17:00,909,49,84,37,50.31,Statement,102
C0208,Dating,Short Video,30,Text,12:00,866,132,187,24,70.19,Story,127
C0209,Loneliness,Long Video,131,Text,09:00,2722,148,650,50,66.65,Advice,471
C0210,Social Anxiety,Carousel,0,Visual,17:00,2279,411,458,152,63.58,Advice,741
C0211,Loneliness,Carousel,0,Text,09:00,2602,306,492,128,79.26,Statement,341
C0212,Self Confidence,Carousel,0,Text,09:00,1344,79,163,34,84.87,Advice,114
C0213,Dating,Long Video,135,Text,20:00,1681,250,276,85,73.77,Question,276
C0214,Loneliness,Image,0,Visual,17:00,919,183,225,52,57.98,Story,297
C0215,Dating,Short Video,31,Visual,17:00,1094,197,222,69,78.19,Statement,247
C0216,Self Confidence,Long Video,78,Text,12:00,481,50,119,8,79.68,Story,94
C0217,Self Confidence,Short Video,20,Text,19:00,3045,374,695,223,78.07,Advice,589
C0218,Overthinking,Image,0,Visual,19:00,1022,141,240,29,74.92,Advice,240
C0219,Work Stress,Image,0,Text,20:00,738,116,173,19,59.5,Question,228
C0220,Work Stress,Carousel,0,Visual,17:00,1295,99,291,60,59.89,Statement,303
C0221,Dating,Short Video,34,Text,19:00,1927,200,348,49,77.12,Question,437
C0222,Relationships,Long Video,137,Text,20:00,251,22,48,9,75.94,Story,29
C0223,Social Anxiety,Carousel,0,Text,21:00,1335,114,123,34,70.79,Question,135
C0224,Self Confidence,Short Video,22,Text,19:00,1568,273,240,48,84.13,Story,379
C0225,Overthinking,Image,0,Text,19:00,1086,60,222,63,68.99,Statement,231
C0226,Social Anxiety,Image,0,Visual,20:00,1131,193,203,80,58.23,Advice,193
C0227,Work Stress,Image,0,Visual,17:00,1001,129,239,17,54.88,Question,191
C0228,Self Confidence,Image,0,Text,12:00,1181,224,157,56,51.66,Question,190
C0229,Work Stress,Carousel,0,Text,12:00,1724,203,289,80,76.67,Question,228
C0230,Loneliness,Image,0,Text,12:00,1525,83,201,92,58.07,Story,241
C0231,Overthinking,Carousel,0,Visual,12:00,933,168,102,55,83.52,Question,274
C0232,Work Stress,Short Video,31,Visual,21:00,2985,455,491,164,91.94,Statement,682
C0233,Self Confidence,Carousel,0,Visual,21:00,2215,182,425,89,76.05,Story,252
C0234,Relationships,Short Video,28,Visual,19:00,2317,344,579,42,95.29,Statement,468
C0235,Relationships,Long Video,90,Text,19:00,1439,194,295,103,61.17,Story,289
C0236,Overthinking,Carousel,0,Text,19:00,1659,249,360,107,81.91,Advice,383
C0237,Self Confidence,Long Video,137,Visual,17:00,1110,146,89,40,59.66,Question,155
C0238,Relationships,Image,0,Visual,21:00,1292,199,188,57,59.5,Question,233
C0239,Work Stress,Short Video,39,Text,19:00,2570,367,408,101,91.76,Story,508
C0240,Loneliness,Short Video,45,Visual,19:00,2197,267,185,81,76.79,Statement,299
C0241,Social Anxiety,Carousel,0,Text,12:00,2405,339,505,163,78.72,Advice,777
C0242,Dating,Image,0,Text,09:00,4825,254,546,74,75.9,Statement,600
C0243,Self Confidence,Long Video,96,Text,21:00,1277,75,305,48,49.06,Story,210
C0244,Relationships,Carousel,0,Visual,09:00,1165,103,149,40,82.12,Statement,168
C0245,Friendship,Long Video,180,Text,09:00,1908,300,241,79,49.88,Statement,275
C0246,Friendship,Image,0,Visual,19:00,485,73,53,23,78.36,Advice,62
C0247,Dating,Short Video,41,Text,20:00,525,102,85,35,82.06,Question,84
C0248,Friendship,Long Video,114,Visual,20:00,1467,212,354,79,77.77,Statement,461
C0249,Friendship,Carousel,0,Visual,20:00,782,110,117,54,86.0,Statement,147
C0250,Dating,Short Video,27,Text,09:00,875,74,186,28,90.5,Advice,139
C0251,Overthinking,Image,0,Text,09:00,908,130,142,48,56.72,Statement,221
C0252,Friendship,Short Video,39,Text,12:00,1342,240,156,28,65.73,Question,281
C0253,Overthinking,Image,0,Visual,21:00,2236,189,327,119,69.87,Advice,498
C0254,Relationships,Long Video,77,Visual,21:00,4068,286,806,167,62.13,Advice,770
C0255,Social Anxiety,Image,0,Visual,09:00,1874,170,175,38,85.77,Statement,165
C0256,Work Stress,Carousel,0,Text,17:00,2551,251,302,97,52.78,Question,379
C0257,Friendship,Image,0,Visual,21:00,1309,238,249,64,62.97,Statement,274
C0258,Work Stress,Short Video,40,Text,19:00,442,66,110,25,82.29,Advice,130
C0259,Loneliness,Image,0,Text,17:00,855,114,207,22,77.6,Statement,137
C0260,Dating,Carousel,0,Visual,20:00,1223,159,117,54,80.25,Statement,176
C0261,Overthinking,Short Video,17,Text,17:00,2398,453,287,98,69.72,Advice,711
C0262,Loneliness,Long Video,116,Text,19:00,1763,333,302,122,65.84,Question,496
C0263,Overthinking,Carousel,0,Visual,09:00,1462,101,322,96,78.35,Advice,173
C0264,Overthinking,Long Video,63,Visual,20:00,1110,105,138,42,48.51,Advice,219
C0265,Social Anxiety,Long Video,90,Text,17:00,499,54,77,26,65.63,Advice,119
C0266,Social Anxiety,Long Video,117,Text,17:00,1812,225,450,127,53.34,Advice,590
C0267,Dating,Long Video,106,Text,17:00,1319,141,302,94,77.24,Statement,363
C0268,Friendship,Short Video,15,Visual,19:00,1090,104,102,44,70.38,Advice,172
C0269,Dating,Image,0,Text,12:00,1280,187,281,30,84.48,Statement,357
C0270,Relationships,Long Video,77,Visual,19:00,1200,147,219,77,51.99,Story,252
C0271,Relationships,Short Video,40,Text,21:00,671,70,61,11,69.19,Statement,112
C0272,Dating,Image,0,Visual,21:00,1066,141,260,45,62.47,Story,239
C0273,Overthinking,Long Video,85,Visual,12:00,785,114,91,43,71.01,Advice,108
C0274,Social Anxiety,Image,0,Text,19:00,1266,74,269,56,52.33,Story,285
C0275,Dating,Short Video,24,Text,20:00,1368,270,165,33,68.76,Advice,237
C0276,Loneliness,Short Video,19,Visual,19:00,1047,68,206,19,80.79,Advice,202
C0277,Overthinking,Long Video,166,Visual,12:00,1673,160,311,82,62.04,Advice,212
C0278,Social Anxiety,Short Video,31,Text,12:00,2638,482,412,72,76.4,Story,521
C0279,Overthinking,Long Video,180,Text,09:00,1772,293,145,74,64.25,Statement,198
C0280,Friendship,Image,0,Text,20:00,1748,155,365,41,71.41,Question,221
C0281,Self Confidence,Long Video,144,Text,20:00,1196,79,207,53,78.77,Question,122
C0282,Social Anxiety,Short Video,16,Text,21:00,1885,232,198,68,87.86,Story,290
C0283,Loneliness,Short Video,30,Text,21:00,593,70,126,43,94.62,Statement,164
C0284,Relationships,Long Video,163,Text,17:00,496,48,97,21,55.19,Advice,113
C0285,Dating,Short Video,20,Text,19:00,4131,615,959,232,84.03,Advice,653
C0286,Friendship,Image,0,Text,21:00,825,105,87,51,70.49,Statement,170
C0287,Overthinking,Carousel,0,Text,20:00,1076,65,88,83,79.5,Question,129
C0288,Overthinking,Long Video,75,Text,19:00,1456,137,203,95,71.45,Story,189
C0289,Self Confidence,Short Video,16,Text,20:00,2315,207,193,47,95.0,Advice,217
C0290,Friendship,Long Video,101,Text,12:00,1709,282,318,68,53.23,Story,264
C0291,Relationships,Carousel,0,Text,19:00,2504,367,426,44,88.74,Question,573
C0292,Dating,Carousel,0,Visual,12:00,1712,160,422,92,73.3,Statement,424
C0293,Social Anxiety,Short Video,24,Text,17:00,1843,127,253,138,71.96,Question,269
C0294,Dating,Carousel,0,Text,21:00,2274,261,351,124,87.72,Statement,334
C0295,Loneliness,Image,0,Visual,20:00,1116,204,211,37,82.64,Story,331
C0296,Overthinking,Image,0,Text,20:00,1130,199,266,35,80.2,Statement,265
C0297,Dating,Long Video,110,Text,17:00,1652,275,316,43,66.8,Statement,490
C0298,Self Confidence,Long Video,125,Text,20:00,1807,344,157,46,50.27,Question,401
C0299,Social Anxiety,Short Video,19,Text,19:00,1024,128,228,64,81.81,Advice,248
C0300,Self Confidence,Long Video,179,Text,12:00,1665,210,217,86,72.56,Advice,392
C0301,Work Stress,Image,0,Text,21:00,2117,156,335,33,59.87,Statement,318
C0302,Relationships,Short Video,26,Visual,19:00,1746,347,169,71,89.8,Statement,280
C0303,Social Anxiety,Carousel,0,Visual,21:00,3434,488,384,130,81.35,Question,625
C0304,Relationships,Long Video,140,Text,12:00,1498,76,313,25,74.83,Story,151
C0305,Social Anxiety,Short Video,21,Text,17:00,1282,126,135,44,92.18,Advice,247
C0306,Self Confidence,Carousel,0,Text,20:00,1519,159,237,94,85.45,Advice,302
C0307,Social Anxiety,Long Video,86,Text,21:00,628,96,50,34,59.22,Advice,141
C0308,Loneliness,Image,0,Text,20:00,478,30,86,22,75.69,Statement,47
C0309,Overthinking,Image,0,Visual,12:00,3073,412,561,181,82.2,Statement,536
C0310,Work Stress,Long Video,98,Text,21:00,3140,545,517,62,47.34,Story,553
C0311,Relationships,Image,0,Text,17:00,1769,297,297,77,55.9,Question,334
C0312,Loneliness,Carousel,0,Visual,17:00,2132,245,202,62,73.93,Question,358
C0313,Work Stress,Short Video,26,Text,21:00,593,86,126,13,77.71,Statement,153
C0314,Relationships,Long Video,165,Text,20:00,3344,359,592,177,52.38,Statement,560
C0315,Self Confidence,Short Video,34,Visual,12:00,1303,123,312,41,78.32,Question,316
C0316,Friendship,Long Video,72,Text,17:00,435,76,48,29,63.33,Advice,94
C0317,Dating,Long Video,130,Visual,19:00,1242,143,253,80,51.36,Advice,288
C0318,Relationships,Long Video,96,Text,17:00,3197,224,664,184,83.26,Question,373
C0319,Dating,Long Video,154,Visual,12:00,1193,106,145,88,54.98,Advice,165
C0320,Self Confidence,Short Video,41,Text,12:00,1078,176,168,70,67.03,Statement,243
C0321,Social Anxiety,Short Video,24,Visual,17:00,361,36,84,5,85.58,Statement,86
C0322,Relationships,Carousel,0,Visual,20:00,1961,262,469,36,66.75,Advice,323
C0323,Work Stress,Long Video,74,Text,12:00,1612,128,283,72,83.88,Advice,283
C0324,Work Stress,Long Video,154,Text,17:00,522,53,51,12,54.01,Story,53
C0325,Self Confidence,Carousel,0,Text,09:00,1346,172,133,95,78.91,Advice,163
C0326,Dating,Long Video,121,Text,12:00,2372,370,408,48,63.33,Question,454
C0327,Work Stress,Carousel,0,Text,17:00,1324,158,198,75,71.82,Statement,162
C0328,Social Anxiety,Image,0,Visual,09:00,2253,285,489,101,52.08,Question,584
C0329,Relationships,Image,0,Text,21:00,845,63,115,54,70.78,Question,101
C0330,Work Stress,Image,0,Visual,12:00,671,121,154,48,59.55,Advice,177
C0331,Self Confidence,Carousel,0,Text,19:00,1960,256,322,42,76.27,Advice,429
C0332,Friendship,Long Video,156,Visual,20:00,1103,118,233,85,53.15,Advice,248
C0333,Overthinking,Short Video,44,Visual,09:00,2181,298,409,145,77.28,Story,650
C0334,Self Confidence,Long Video,169,Text,09:00,835,108,89,50,76.73,Story,129
C0335,Relationships,Short Video,43,Text,09:00,1003,77,232,57,69.72,Advice,183
C0336,Self Confidence,Carousel,0,Visual,20:00,966,137,90,69,82.14,Advice,187
C0337,Work Stress,Short Video,27,Visual,21:00,997,197,192,56,70.14,Story,338
C0338,Dating,Short Video,28,Visual,20:00,1617,184,173,25,82.35,Question,222
C0339,Dating,Carousel,0,Text,12:00,1734,107,354,47,84.33,Story,318
C0340,Loneliness,Image,0,Text,19:00,1508,197,302,53,68.85,Advice,378
C0341,Dating,Long Video,170,Text,09:00,392,48,86,14,51.95,Story,92
C0342,Loneliness,Long Video,88,Visual,09:00,902,156,87,27,50.68,Statement,145
C0343,Relationships,Carousel,0,Visual,12:00,2932,432,544,111,83.66,Advice,594
C0344,Overthinking,Long Video,84,Visual,09:00,1102,216,206,25,72.05,Advice,218
C0345,Social Anxiety,Long Video,68,Visual,20:00,1061,80,239,31,78.48,Question,145
C0346,Relationships,Short Video,22,Visual,19:00,1347,197,266,65,74.46,Advice,228
C0347,Friendship,Long Video,170,Visual,12:00,1527,275,321,101,71.6,Statement,324
C0348,Friendship,Image,0,Text,12:00,1271,236,246,65,54.44,Statement,302
C0349,Self Confidence,Long Video,98,Text,09:00,2217,292,320,174,49.43,Story,442
C0350,Loneliness,Carousel,0,Text,20:00,1180,66,242,88,61.2,Statement,274
C0351,Loneliness,Carousel,0,Text,12:00,1672,272,362,27,88.51,Advice,421
C0352,Friendship,Long Video,169,Visual,19:00,998,95,220,33,79.91,Question,124
C0353,Loneliness,Carousel,0,Visual,19:00,1543,99,186,24,68.75,Story,137
C0354,Work Stress,Long Video,142,Visual,19:00,2863,400,373,98,74.73,Statement,324
C0355,Dating,Long Video,94,Text,21:00,2126,390,237,42,54.58,Question,495
C0356,Dating,Long Video,157,Visual,19:00,3231,178,578,257,79.23,Story,571
C0357,Overthinking,Image,0,Visual,12:00,790,50,185,46,83.17,Story,190
C0358,Dating,Carousel,0,Visual,19:00,1437,195,241,61,62.68,Story,266
C0359,Overthinking,Image,0,Text,17:00,1743,320,270,94,75.25,Statement,437
C0360,Overthinking,Carousel,0,Text,17:00,2801,435,337,135,54.17,Story,496
C0361,Overthinking,Image,0,Visual,21:00,4343,836,790,275,70.25,Story,1241
C0362,Social Anxiety,Image,0,Text,17:00,1244,75,153,47,68.9,Story,96
C0363,Friendship,Image,0,Visual,19:00,909,177,123,42,57.84,Statement,225
C0364,Work Stress,Carousel,0,Text,19:00,711,65,81,34,50.22,Story,63
C0365,Overthinking,Long Video,152,Text,12:00,1110,189,196,53,56.74,Question,340
C0366,Social Anxiety,Short Video,45,Visual,09:00,906,99,85,49,68.53,Advice,124
C0367,Self Confidence,Long Video,150,Visual,09:00,2180,270,434,173,50.26,Story,410
C0368,Relationships,Image,0,Text,21:00,1220,133,185,50,86.3,Advice,242
C0369,Social Anxiety,Short Video,32,Text,09:00,574,99,139,39,65.05,Question,173
C0370,Work Stress,Image,0,Text,12:00,1704,98,210,32,74.15,Question,204
C0371,Dating,Long Video,84,Text,17:00,1087,128,155,24,61.76,Statement,205
C0372,Loneliness,Short Video,26,Text,20:00,772,46,72,29,94.19,Story,95
C0373,Friendship,Image,0,Visual,21:00,632,87,51,35,86.53,Question,119
C0374,Dating,Carousel,0,Text,09:00,2740,496,556,62,86.1,Question,404
C0375,Self Confidence,Short Video,30,Text,21:00,643,33,97,21,80.07,Statement,83
C0376,Dating,Short Video,22,Text,17:00,1338,75,135,68,75.64,Question,190
C0377,Dating,Image,0,Visual,12:00,2149,330,328,126,61.02,Statement,391
C0378,Social Anxiety,Long Video,78,Text,09:00,1733,291,270,115,77.9,Statement,519
C0379,Self Confidence,Long Video,166,Text,21:00,1120,109,200,43,69.04,Statement,222
C0380,Loneliness,Long Video,148,Visual,20:00,1969,301,282,50,62.22,Statement,259
C0381,Social Anxiety,Short Video,28,Visual,17:00,1157,84,97,65,84.74,Advice,130
C0382,Overthinking,Short Video,35,Text,19:00,2020,122,302,71,85.99,Story,285
C0383,Overthinking,Carousel,0,Text,09:00,667,132,104,39,55.62,Statement,163
C0384,Friendship,Short Video,17,Visual,19:00,831,44,137,64,76.91,Story,86
C0385,Loneliness,Image,0,Visual,09:00,1201,88,100,77,68.34,Statement,135
C0386,Relationships,Image,0,Visual,12:00,984,182,98,75,62.56,Question,297
C0387,Self Confidence,Carousel,0,Text,09:00,2299,454,296,178,65.58,Question,525
C0388,Dating,Image,0,Text,19:00,1545,156,265,38,72.15,Question,253
C0389,Work Stress,Carousel,0,Visual,21:00,1479,171,194,47,57.78,Story,151
C0390,Self Confidence,Carousel,0,Text,17:00,1588,160,199,123,72.31,Statement,254
C0391,Relationships,Long Video,81,Text,17:00,668,77,124,31,61.07,Advice,178
C0392,Work Stress,Carousel,0,Text,17:00,1188,216,220,61,74.83,Story,219
C0393,Relationships,Long Video,73,Visual,17:00,933,113,160,27,83.56,Question,218
C0394,Loneliness,Image,0,Text,17:00,1189,188,202,85,55.23,Advice,345
C0395,Overthinking,Carousel,0,Visual,17:00,1525,139,349,116,55.95,Statement,319
C0396,Friendship,Carousel,0,Text,17:00,953,187,154,67,73.55,Statement,221
C0397,Relationships,Long Video,108,Text,19:00,733,120,106,35,64.69,Statement,163
C0398,Dating,Long Video,129,Visual,21:00,880,158,217,36,78.1,Question,274
C0399,Relationships,Long Video,162,Text,21:00,1637,131,161,115,62.57,Question,316
C0400,Loneliness,Carousel,0,Text,12:00,1324,243,119,95,67.93,Statement,296
C0401,Self Confidence,Carousel,0,Visual,19:00,1730,91,278,103,78.91,Advice,296
C0402,Loneliness,Carousel,0,Text,21:00,1403,98,183,53,82.18,Question,151
C0403,Dating,Long Video,145,Text,12:00,2130,200,175,134,78.37,Question,378
C0404,Loneliness,Image,0,Text,09:00,1672,119,347,108,76.34,Question,374
C0405,Dating,Image,0,Visual,19:00,1530,96,249,30,66.3,Statement,176
C0406,Loneliness,Carousel,0,Visual,17:00,2271,136,316,50,82.33,Question,355
C0407,Relationships,Short Video,24,Visual,09:00,425,26,70,28,86.92,Story,43
C0408,Overthinking,Image,0,Visual,20:00,1479,90,219,50,59.3,Advice,157
C0409,Overthinking,Carousel,0,Text,17:00,2076,203,334,61,75.62,Question,448
C0410,Work Stress,Short Video,40,Visual,09:00,936,131,131,53,68.81,Statement,244
C0411,Dating,Long Video,154,Visual,20:00,239,32,44,4,72.3,Story,34
C0412,Self Confidence,Image,0,Text,12:00,1334,209,293,89,72.1,Advice,340
C0413,Self Confidence,Long Video,144,Text,19:00,1496,135,245,50,50.35,Question,256
C0414,Friendship,Carousel,0,Text,09:00,870,50,180,31,50.01,Story,132
C0415,Friendship,Image,0,Visual,20:00,961,169,77,29,79.64,Question,146
C0416,Self Confidence,Image,0,Text,09:00,1313,85,185,42,83.71,Statement,142
C0417,Relationships,Image,0,Text,20:00,1393,160,326,55,88.56,Question,192
C0418,Overthinking,Image,0,Visual,21:00,1463,223,239,58,75.31,Statement,346
C0419,Dating,Long Video,75,Visual,17:00,2144,417,448,164,73.1,Question,504
C0420,Self Confidence,Image,0,Text,19:00,2380,156,506,135,51.93,Story,372
C0421,Loneliness,Carousel,0,Visual,20:00,1261,144,198,36,64.75,Story,187
C0422,Relationships,Image,0,Text,19:00,1679,97,353,70,82.89,Question,339
C0423,Overthinking,Short Video,30,Visual,19:00,1852,223,425,53,86.01,Advice,400
C0424,Loneliness,Carousel,0,Text,19:00,674,63,69,38,79.54,Story,87
C0425,Dating,Short Video,40,Visual,17:00,655,102,74,47,73.91,Question,123
C0426,Work Stress,Long Video,96,Visual,19:00,2571,150,254,124,55.7,Advice,387
C0427,Dating,Short Video,23,Text,20:00,1112,137,165,55,83.45,Question,125
C0428,Relationships,Long Video,73,Visual,17:00,698,83,170,34,72.1,Question,130
C0429,Relationships,Image,0,Visual,19:00,1787,229,439,41,50.68,Question,448
C0430,Friendship,Long Video,154,Text,21:00,1709,292,171,55,45.7,Advice,264
C0431,Self Confidence,Long Video,86,Visual,09:00,1275,130,182,19,56.99,Statement,199
C0432,Work Stress,Long Video,150,Text,17:00,2442,478,547,40,80.94,Statement,718
C0433,Dating,Long Video,156,Text,09:00,1115,122,146,21,54.13,Statement,128
C0434,Self Confidence,Long Video,78,Text,12:00,2737,335,566,125,47.31,Advice,766
C0435,Relationships,Long Video,140,Text,21:00,1220,237,113,47,54.02,Advice,188
C0436,Loneliness,Carousel,0,Visual,19:00,1431,101,265,94,73.13,Statement,180
C0437,Overthinking,Carousel,0,Text,20:00,1730,187,336,55,63.81,Question,412
C0438,Dating,Carousel,0,Text,09:00,2361,220,377,172,78.31,Advice,287
C0439,Friendship,Carousel,0,Text,17:00,727,50,176,35,59.68,Statement,133
C0440,Work Stress,Image,0,Visual,20:00,3287,499,305,107,82.28,Advice,538
C0441,Overthinking,Short Video,16,Text,09:00,389,22,42,17,71.48,Question,29
C0442,Self Confidence,Carousel,0,Text,12:00,2803,494,691,186,84.15,Story,611
C0443,Work Stress,Long Video,179,Text,09:00,432,49,78,8,69.89,Statement,99
C0444,Work Stress,Short Video,26,Visual,09:00,1343,105,288,99,94.25,Advice,366
C0445,Work Stress,Long Video,143,Visual,21:00,1316,215,141,60,73.73,Question,203
C0446,Social Anxiety,Long Video,69,Visual,20:00,1385,202,267,35,67.6,Story,336
C0447,Relationships,Short Video,15,Text,09:00,1015,52,142,76,72.09,Advice,170
C0448,Self Confidence,Carousel,0,Text,09:00,1205,100,162,84,79.15,Question,136
C0449,Dating,Image,0,Text,12:00,991,121,190,22,61.56,Advice,163
C0450,Self Confidence,Long Video,127,Visual,20:00,1163,218,289,20,75.44,Story,255
C0451,Relationships,Image,0,Visual,19:00,2633,494,636,138,64.28,Advice,874
C0452,Friendship,Short Video,43,Visual,09:00,827,72,145,31,85.36,Advice,105
C0453,Overthinking,Carousel,0,Visual,12:00,1326,110,114,22,57.01,Statement,181
C0454,Dating,Long Video,136,Text,21:00,746,68,180,39,62.46,Question,160
C0455,Work Stress,Long Video,137,Visual,21:00,2535,234,354,185,82.86,Advice,595
C0456,Work Stress,Short Video,40,Visual,19:00,1103,124,234,50,80.42,Advice,168
C0457,Dating,Long Video,141,Visual,20:00,633,63,142,18,47.85,Question,75
C0458,Overthinking,Image,0,Text,17:00,1607,307,267,66,82.44,Story,475
C0459,Relationships,Short Video,15,Visual,09:00,2380,394,455,59,92.15,Statement,520
C0460,Friendship,Short Video,44,Text,20:00,638,58,97,11,68.96,Statement,106
C0461,Loneliness,Carousel,0,Visual,21:00,869,170,102,30,62.16,Story,144
C0462,Work Stress,Short Video,24,Visual,12:00,1061,53,216,82,71.95,Statement,213
C0463,Loneliness,Short Video,24,Text,21:00,1819,206,239,65,87.09,Story,365
C0464,Social Anxiety,Long Video,178,Text,09:00,1767,136,252,130,77.27,Advice,416
C0465,Social Anxiety,Image,0,Visual,09:00,986,136,189,19,71.78,Question,217
C0466,Self Confidence,Short Video,20,Text,20:00,2637,198,560,139,94.52,Statement,300
C0467,Self Confidence,Image,0,Text,21:00,1725,162,347,110,54.1,Question,343
C0468,Social Anxiety,Image,0,Text,20:00,599,75,85,45,83.1,Question,141
C0469,Work Stress,Short Video,30,Text,09:00,873,164,172,54,91.71,Advice,185
C0470,Self Confidence,Image,0,Visual,20:00,3237,553,366,121,63.42,Question,871
C0471,Friendship,Short Video,16,Visual,12:00,1466,233,257,112,80.38,Question,321
C0472,Relationships,Image,0,Visual,12:00,1851,137,395,116,65.37,Question,215
C0473,Loneliness,Long Video,91,Text,21:00,547,85,119,27,83.68,Statement,82
C0474,Work Stress,Short Video,33,Visual,20:00,856,107,173,60,70.56,Question,238
C0475,Self Confidence,Long Video,126,Visual,19:00,369,25,83,9,57.39,Question,48
C0476,Relationships,Image,0,Text,17:00,2205,398,428,147,60.02,Question,624
C0477,Relationships,Short Video,26,Text,20:00,2349,436,192,138,66.61,Statement,511
C0478,Friendship,Carousel,0,Text,12:00,1329,123,175,50,74.85,Story,170
C0479,Self Confidence,Short Video,44,Visual,12:00,853,51,181,28,78.42,Statement,149
C0480,Social Anxiety,Image,0,Text,21:00,3186,318,285,125,87.78,Statement,486
C0481,Dating,Long Video,90,Text,19:00,2331,186,352,148,49.05,Question,320
C0482,Self Confidence,Image,0,Visual,20:00,2675,244,410,210,52.7,Advice,510
C0483,Overthinking,Carousel,0,Visual,20:00,1159,186,231,49,63.86,Story,240
C0484,Loneliness,Short Video,33,Visual,19:00,758,67,87,35,73.32,Story,91
C0485,Friendship,Image,0,Text,19:00,1290,181,120,25,88.06,Statement,163
C0486,Overthinking,Carousel,0,Visual,12:00,1367,87,248,75,75.94,Story,179
C0487,Dating,Long Video,81,Text,19:00,1970,307,361,69,55.84,Statement,446
C0488,Loneliness,Short Video,32,Visual,19:00,670,120,161,14,69.8,Statement,216
C0489,Relationships,Image,0,Visual,12:00,1633,131,293,98,77.2,Statement,266
C0490,Social Anxiety,Long Video,169,Text,12:00,1653,86,296,51,63.01,Question,299
C0491,Friendship,Image,0,Visual,21:00,2137,167,415,167,54.08,Statement,252
C0492,Work Stress,Long Video,111,Text,20:00,866,99,82,55,81.58,Story,138
C0493,Dating,Carousel,0,Visual,09:00,991,157,80,52,74.53,Question,203
C0494,Social Anxiety,Long Video,85,Text,17:00,566,48,113,11,52.97,Question,114
C0495,Work Stress,Short Video,15,Visual,21:00,676,61,82,12,79.23,Advice,100
C0496,Self Confidence,Short Video,43,Text,09:00,825,116,160,16,94.5,Question,200
C0497,Relationships,Short Video,20,Text,21:00,1587,301,273,44,84.12,Advice,424
C0498,Relationships,Short Video,27,Text,12:00,1563,251,263,30,76.5,Statement,407
C0499,Friendship,Long Video,95,Text,12:00,2077,187,296,152,71.66,Question,456
C0500,Friendship,Image,0,Text,09:00,4225,499,790,131,78.22,Question,725
